week,def_team,epa_per_play_allowed,plays_allowed_per_game,rz_td_rate_allowed,home_def_adj,away_def_adj
1,ARI,0.009138978828429931,65.34849581230212,0.5771421711074212,-0.01932367805403125,-0.024802875036598677
1,ATL,-0.06482534616727048,66.51660956763496,0.4779104936496677,0.00758595528089722,0.0014270098681624214
1,BAL,-0.0071004292128378915,66.6244801464788,0.6482823594339524,0.017031225481539094,0.026184288584610346
1,BUF,0.03828400439842631,62.10691633614436,0.7448074534952756,-0.026719213567829303,-0.024778281639771183
1,CAR,-0.035331402935548116,66.5106870440882,0.4084533974708432,-0.003287296082720895,0.02058275747382602
1,CHI,-0.03108650906159522,56.11032398807663,0.5584881575466756,-0.008990140828471927,-0.0012876151341955615
1,CIN,0.04430865696577084,67.5442850660222,0.7091433294968086,0.008884644524670972,0.010398015098181217
1,CLE,0.24996010903248833,70.1490029369949,0.5412650218247983,-0.021740723082217875,-0.0074335877170498615
1,DAL,-0.04065366834823452,64.38168457119764,0.40486791729541394,-0.02142873359382052,0.011535161297516082
1,DEN,-0.05644183082062337,68.55875773690613,0.5444310413307959,0.015624660714979347,0.016759682278700914
1,DET,0.11998110062842152,68.37746129206629,0.5621374207428769,0.01133312031485115,-0.017825462034353135
1,GB,0.08644255865976926,63.20192143064655,0.6611117048530869,0.00587177560452244,0.010707022108089293
1,HOU,0.09966868772287522,69.51631120411074,0.5758165708317144,0.04620313834073057,-0.01831270834460554
1,IND,0.03292649573215602,61.80486496222053,0.6781557696597001,-0.003650338798917834,0.038293115122447485
1,JAX,0.00921964377489475,65.93978530009959,0.6141375747588073,0.02252581357902878,0.0031027935269670975
1,KC,0.05215573943576266,66.39930591228283,0.6909914793588664,-0.01320775731345063,-0.0036416312004975623
1,LV,-0.037505500222748456,64.59277232509645,0.7309515833438612,-0.028273167590091148,-0.04503213937382634
1,LAC,-0.046998044214092705,67.34880816934356,0.534496115746729,0.00021373938321448026,-0.01786972239515794
1,LAR,0.010203798148045482,67.38835725704762,0.6978176339517254,-7.010065480343017e-05,0.01971744199442664
1,MIA,-0.1169417743022832,59.51617526817232,0.41136243582021637,0.016797214665481536,0.02008380254855157
1,MIN,-0.09172217668038958,69.50223590900852,0.5871708520432537,0.00660897439258943,-0.000720376193113221
1,NE,-0.010717615737183068,63.95967742423476,0.43050674103625397,-0.004813209660873197,0.03220792019472763
1,NO,0.05452619297042373,63.80431154737495,0.6763176652117378,-0.014052565415859069,-0.005643818173897828
1,NYG,0.09543521281904412,51.90047187742464,0.6074699914240106,-0.01750086778442506,-0.011012815846982143
1,NYJ,-0.0442081635105858,58.06021651071354,0.6210181180547338,-0.006673941483946027,-0.017658726107274206
1,PHI,0.027827235911174267,66.30196346111342,0.4432364457101675,-0.0028389799614033785,-0.0008577325587152535
1,PIT,-0.01486989592079306,71.62306406322995,0.4706692660120173,0.025236413929855976,0.025041391594439587
1,SEA,0.05120132785138464,62.10220980360676,0.5511118171425886,0.005404728755094783,0.027857869895405177
1,SF,0.074561174014124,52.89887139407227,0.5658914921505853,-0.005659947420461722,-0.008839009562460158
1,TB,-0.11620388455831365,64.65754676336579,0.4437406392063925,-0.022591040669208192,0.030650459437287576
1,TEN,-0.027897249627419046,62.943920896300504,0.6764274246418671,0.0034813789123437507,0.005825678105525065
1,WSH,0.03988816175696779,63.719852822946706,0.6138110551137184,-0.01690324651853125,0.010638172001371097
2,ARI,0.09396223035708917,61.03613711519328,0.6235680411618425,-0.031037404934492103,0.019673629808118324
2,ATL,0.005997230676460699,58.062412407781125,0.6525528015263113,-0.021255227079179574,-0.008004544205034122
2,BAL,-0.11521659762279582,64.59456859399364,0.35978368919549686,0.011412127311847445,0.014094407900377815
2,BUF,0.10602195159132898,63.578975736936634,0.5603367954457934,0.027351565353657827,0.021496544838351443
2,CAR,0.04207475937735319,61.98702776350228,0.5500061448042384,-0.005945597271310253,-0.019461741070075107
2,CHI,-0.1567420102583898,68.66889966124191,0.6172803852307078,-0.02457599185889182,-0.01813490778346889
2,CIN,0.08067574480629032,67.77734694814085,0.6658516222974766,0.01452586488360371,-0.014088585454167316
2,CLE,0.1442769429711581,60.33884111970472,0.526076281558779,-0.009100890262018489,0.03085659772352126
2,DAL,0.07780149027713663,62.31375212862897,0.5211424742443447,-0.007885882258217855,0.022995681328641986
2,DEN,0.08100379267005901,58.988672529900725,0.6777098976842971,0.013002177287430304,-0.009957413881524008
2,DET,0.03420993734515872,68.24421637820154,0.7279841057184445,-0.02089256641787804,-0.020809839242982537
2,GB,-0.054297990935274876,62.26635382317015,0.5428445906981438,-0.0012127015495404312,0.027140423066784446
2,HOU,-0.1375165671315006,72.97978780939465,0.4248730050359009,0.06004858025295646,-0.013450741574245426
2,IND,-0.00891215122308527,73.12207157984932,0.5352864820572818,-0.001048569640875959,0.007022762285832606
2,JAX,-0.1152458274999902,70.60771035178902,0.49251500447226354,0.028331946268740475,0.018160981879274115
2,KC,-0.07524502139710176,60.018162274902295,0.6479789246163552,-0.0011052058640503553,0.004940952124588977
2,LV,0.028262698805280796,67.93745452105063,0.6428240519821639,-0.0435921098275257,-0.0012033763655566916
2,LAC,0.11240217312548968,66.94928350395679,0.796859431647357,0.034140204534734986,-0.012208295727117196
2,LAR,0.10394070154170841,78.26467157437965,0.5366405888564957,0.0072011815747281185,0.008584076815370864
2,MIA,0.027663021437886348,67.15283624724974,0.614528021980059,0.002431115879268693,0.00980242629659491
2,MIN,0.13348393538115863,62.05576832600926,0.5905388796935123,0.058813601959885387,0.00843178835786
2,NE,-0.002163507357480496,69.0972192781372,0.5355014900475048,-0.012063358637310024,-0.018183277159001695
2,NO,0.052057860334559884,67.35873231886387,0.43305723458855994,0.003932329951644571,-0.0076246366291628275
2,NYG,-0.03321788182751541,55.00326367178762,0.6810561282251634,-0.020295927979519762,-0.0057134080347877045
2,NYJ,-0.0314830107149529,57.856557324027456,0.32876842749030377,-0.0006200645475668852,-0.03249385739321523
2,PHI,0.1050708480464247,69.34332117476869,0.6365593746114129,0.017407726905377136,-0.019263930249720652
2,PIT,0.11942873074482996,67.1661144491229,0.6691710131638094,0.023011268641606127,-0.020962475483082863
2,SEA,0.04683513092642781,64.30493385067018,0.5176845912604676,-0.03396374918279162,-0.03191123910210009
2,SF,-0.2055807705932764,60.73939911968779,0.43516676176375246,0.006221582640015061,0.02918482290218677
2,TB,0.057969719295038906,63.45006186803756,0.6000320224293477,-0.0027951606805104168,0.01189801611546568
2,TEN,0.08291420140196898,62.0417320517763,0.5370324810982668,0.012285899902746812,0.009626412007488306
2,WSH,-0.053896384511999164,72.16633748932134,0.5603682663311016,-0.026881396943463424,0.006727169509907033
3,ARI,0.09585340526172052,59.95059732788937,0.6780246825524541,0.024283405862380914,0.009090250098344273
3,ATL,0.01986649801559122,65.45553786761572,0.6404236122228868,0.02283115836554042,0.0020209434712175024
3,BAL,0.01697892764964825,74.98229944675693,0.541719749739224,-0.017298953285466174,-0.00894864734271877
3,BUF,-0.17670839418345916,65.067607553423,0.4569383815818481,-0.015225636860305366,-0.0030472338672345102
3,CAR,-0.09202775496199483,62.393419371463445,0.4495263233266804,-0.002653208556595417,0.01601307502546742
3,CHI,-0.12798151411217729,70.53372774627553,0.636881110336504,0.007283197849887412,0.02093212641858469
3,CIN,-0.11135286987229996,57.50792953054167,0.43045267050757496,0.0037998411073061397,-0.02058370721909645
3,CLE,0.09458469143383935,65.19361637297499,0.6093186765166048,0.010389857720437068,0.01459324378996941
3,DAL,-0.1709061315392179,68.41337792862792,0.5115072474243688,-0.01251882417066436,0.03116568501428555
3,DEN,0.023954185366749897,62.9561010341636,0.6282352054151981,0.009481834201871988,-0.03225639410661715
3,DET,0.15638141639506797,65.1261856922785,0.5062061423247327,0.047894115989053805,-0.0037904050269707947
3,GB,-0.14854875473886195,59.95002869426313,0.4985264214694154,-0.002260303860579876,-0.028177538406430332
3,HOU,0.0316071825328841,57.22028188181227,0.6321208677618706,0.02872481935010001,-0.003326721497986304
3,IND,-0.07509652023691729,67.94742548359822,0.5894683995827898,-0.01347992974704235,-0.009687441870459348
3,JAX,-0.09231153106178286,59.75790493979246,0.7463564667588687,0.020733488206209107,-0.009943653534614773
3,KC,-0.08725855955743406,60.983895733912135,0.3676717894615138,-0.0011364035006764916,0.010669501217347844
3,LV,0.02736395604351092,59.049024339440294,0.41288829927765747,-0.013119782350128775,5.3111968493726745e-05
3,LAC,0.19664226111511146,61.559764576014246,0.3537380121440215,-0.0021555371236069588,0.005563099555581703
3,LAR,0.027728529576780927,69.06011864524748,0.6141212843258275,0.01785236533660403,0.013306914475091412
3,MIA,-0.05054745774067228,64.51967761586997,0.4646770321458992,0.008532756563019807,0.04589376836919308
3,MIN,0.09325107347823158,69.78821109996585,0.5267986922505125,0.018619582569317197,-0.01708585119669195
3,NE,0.03193522728800524,62.93572169064236,0.354726786850317,-0.006341674617044713,-0.01862783294133771
3,NO,-0.11970283753064875,66.40820523095233,0.6879172615088464,-0.030457064660627822,0.020438566458702595
3,NYG,0.009187156556817865,69.32723962981964,0.41794886122150976,-0.006637818771238,0.0015992217857268315
3,NYJ,0.019674085005352587,66.53693831489727,0.45775763522133067,0.005334502846233615,-0.004356576145159453
3,PHI,-0.050077507598483395,64.83347097868143,0.4951333683670533,0.020165202529662397,-0.023372183415233973
3,PIT,-0.0014183163455730112,66.64685389280982,0.5922646505786503,0.011407701101557649,-0.00859942928471216
3,SEA,0.04766836988864953,68.93855315826212,0.5594062374451814,0.027284315242788782,0.012419659906161904
3,SF,-0.04138883831224159,59.03947639169856,0.6261972738152577,-0.01539566428450974,0.0145173523321951
3,TB,0.01123149264267199,60.816450755286844,0.6280595621685947,-0.044729092911608384,-0.015825525881102802
3,TEN,0.065401340486322,64.36673992315201,0.562764015982372,-0.0075099656070510236,0.008917658163325128
3,WSH,0.01603858339095039,58.07382063390043,0.3627469461623356,-0.0027191760498687535,-0.010807643826511717
4,ARI,0.014234829668200145,71.07587757055494,0.6636933059122271,-0.027885890554760866,0.016526201583461426
4,ATL,0.07452797882989455,68.27963201497946,0.7528344803150282,-0.04861818584001215,-0.012537616506449346
4,BAL,-0.06511867645453305,73.52432331741315,0.6837644839317026,-0.028361957033648393,0.01264941429214365
4,BUF,0.03820232575970489,65.04245896695066,0.6106653847155092,0.011364212740292638,-0.024234235233984856
4,CAR,0.14220114968748868,72.27321415722568,0.44355587901879356,-0.012579585112560835,0.060150710804428124
4,CHI,0.0455042176001072,62.65424885507178,0.3277791770046693,0.004875804938924896,-0.01642704042400476
4,CIN,0.06365474474911328,60.00052623441131,0.7409465773223591,-1.903746981729526e-05,0.012422924316610675
4,CLE,0.18898327968947043,65.71641317489448,0.5093638414774158,-0.010702498163343583,0.0015586541439773912
4,DAL,0.013326566855289539,70.43106126410912,0.4513201708473148,0.02916097032858118,0.009676019319388059
4,DEN,0.06346020790328308,62.72414581468261,0.46964007077914194,0.00998698328503336,-0.03538335841960618
4,DET,-0.0511844541942991,62.56061652133207,0.5396668045130797,0.02073528606242672,-0.008941543795949998
4,GB,0.007332029562233437,57.8506469867776,0.5239459284156661,0.0063640779715611155,-0.002759476254231388
4,HOU,0.02575798543961807,65.0747376417934,0.5772941857510254,0.03344949803684243,-0.019871961944975907
4,IND,0.0966813450122232,72.96534283654387,0.5728905360897333,0.010594742105282067,-0.0004939235457347031
4,JAX,0.04951627783655987,62.8985724061879,0.4896089311545057,-0.004067256826855818,-0.02166353088382651
4,KC,-0.02502546915601153,80.85935079334227,0.5084379081379912,-0.03173600634444295,-0.018427533673115278
4,LV,-0.026153941132437422,63.074498586080956,0.6675400175273452,0.013859991819473725,-0.02978349376773806
4,LAC,-0.03791681527996558,61.59913148498935,0.5267100387593561,0.045715080285837165,-0.01918684320745796
4,LAR,-0.05643695616425503,66.07871274900766,0.37817895946806057,-0.01843696988881647,-0.012866004388865902
4,MIA,0.026063284896659294,55.08850133487862,0.540092102201187,0.013723425285379339,0.055694897712718294
4,MIN,-0.17025448027635098,66.45896894765369,0.7823594833740329,-0.04000904992909046,0.006675478665765733
4,NE,-0.16095881792133984,67.64283666983565,0.45736110988377776,0.009387619283440148,-0.029675531097266946
4,NO,-0.023899636988455125,66.64894728914524,0.4284110877203732,0.027961508319233257,-0.004849286865133634
4,NYG,0.04177537954377305,64.07304210227912,0.6910505673559185,-0.005322422003119385,0.03737422334313504
4,NYJ,-0.036638931982466434,61.6321202957794,0.6479795006123843,-0.027912129299627893,-0.014495510228903045
4,PHI,0.03225357013697392,65.4552977819766,0.6766160017280453,-0.007508005997438756,-0.02132261954027012
4,PIT,-0.16593669467387862,60.860989464760316,0.660043529521298,-0.015209631267935453,0.010085539159924512
4,SEA,0.056756973054827645,70.77764295842368,0.5531675379193146,0.0330061433314502,-0.010935084319775816
4,SF,0.08966911089439665,71.08912539185683,0.5318981454633126,0.0005363295844271323,-0.006523719863860802
4,TB,0.011442452602520905,61.61967054432209,0.7169496364540555,-0.020622451273927634,0.012919193305564094
4,TEN,0.028640036277981153,74.00585677000218,0.579479853075685,-0.027237027380439073,-0.026571865923713786
4,WSH,-0.03341551738431447,60.118776727554845,0.558580825684781,-0.014273909421574336,0.012672091286948023
5,ARI,-0.077154429751492,64.09348892712491,0.5342248222336916,0.0357365780928224,-0.005912024905486431
5,ATL,-0.054348186560285776,60.69841748458747,0.45302322451570176,0.015687294985003996,-0.009910170242185538
5,BAL,0.26059288162116623,66.24568118923395,0.772145588398798,0.005946622913247418,0.0205901632075565
5,BUF,-0.01155220099023229,66.08027973848068,0.6457608108284894,-0.04127420953102437,0.000516678237923961
5,CAR,-0.17572742789604118,72.55519385875307,0.634615002220006,-0.02128412138257211,-0.017934445692341625
5,CHI,0.08243395072380334,69.85174727642266,0.38698224640156936,-0.019040328143270797,-0.010408025937671334
5,CIN,0.00841451614235166,61.36828819251119,0.424238722715871,0.004387611522167842,-0.004395284422520718
5,CLE,0.15817314357979317,64.95679793729903,0.6012576624070105,0.003162616154496777,-0.010068046647478313
5,DAL,0.15119517636263857,56.74133546104706,0.5531179287195733,-0.0382620770127105,0.015448173695901395
5,DEN,-0.0760484312367028,63.48165547596779,0.5497069901300692,-0.007734903578011772,-0.006747599442725405
5,DET,-0.10946852597364354,69.43907035669584,0.6272101876816129,-0.01760078764143944,-0.04221131106721243
5,GB,-0.012304099330901826,58.967238944446756,0.5646650541335826,-0.007697450703105714,0.00835754753424542
5,HOU,-0.21550403135714677,58.6361902496102,0.6137249073485811,0.022393936807711387,-0.03202092737815339
5,IND,0.059800168966725145,71.83260055200533,0.4811231926853935,0.0023159674315602436,0.013606227595760842
5,JAX,-0.099281477287464,66.37270478374562,0.7201267554522386,0.0031403471697521797,-0.0015964618632467078
5,KC,0.264832436609777,63.863916950831495,0.5993903142720711,-0.012453314736579799,-0.01252143556981058
5,LV,0.09975342001786854,69.67039933143225,0.6381110798920231,0.0051880521753978545,-0.035622153385407036
5,LAC,-0.12619744114389722,60.41328696144288,0.6771529897607543,0.06407853427191403,-0.002542959428514013
5,LAR,0.1023040492588448,53.25474635671034,0.5369252952776712,0.015398096810941522,-0.013954749227452164
5,MIA,0.02316849362007154,59.66512132539281,0.5273017232837853,0.010631702567291559,0.03722087781239032
5,MIN,-0.13675055329186,65.14141443620768,0.5642173467702483,-0.0026972899198642437,-0.008142679737295577
5,NE,-0.050456614836414275,70.86433041525245,0.4543645725295604,-0.004296280947117803,-0.01604700393525278
5,NO,0.08458068300602788,58.980123210031,0.6835177167123307,-0.025483656227317183,0.03355501556967673
5,NYG,-0.09283010733988145,66.14543994163745,0.4566994392781271,0.006343438323947125,-0.01813264142651208
5,NYJ,0.0804140392072662,59.166702795670986,0.5095729287143603,0.006150345295520006,-0.0008502187738537461
5,PHI,-0.09076839620876859,56.365565756595984,0.6970489749863964,0.0017262976317558337,-0.014694285543592414
5,PIT,-0.14812198814905017,65.04890743379744,0.34203670691091065,-0.026618400814378704,-0.01715344649510936
5,SEA,0.09256378745243976,68.71751009371057,0.5526267238384536,-0.0004426750511377605,-0.004751627675333833
5,SF,-0.0065150660145056605,61.42989028290343,0.616541811184264,-0.0344870042879477,-0.024315899624195305
5,TB,0.00604449173680915,65.04844060867072,0.6813057313507596,-0.04155585769298093,-0.00579160507572969
5,TEN,0.026311958444038552,64.47530862093205,0.4525774166691962,-0.002878753372654827,0.0009017767910799315
5,WSH,0.055406581312686366,68.85868741597477,0.6214333164623187,0.013590964722756319,-0.03335110249710537
6,ARI,-0.08712209927223327,48.50230067040101,0.38069545891176876,0.025020616937200212,0.01189870660387138
6,ATL,0.0007107469095634604,67.15822358576605,0.38318242477037534,0.00453614345217981,0.004386829723992526
6,BAL,0.0238298752882932,71.82146536232901,0.6215939392381722,0.03246594833345265,0.009051165626504657
6,BUF,-0.1241500911473271,57.440137619481504,0.47513806055067936,0.005837281259922808,-0.0042948810007953095
6,CAR,0.035949243763561525,65.25525538452379,0.6020262344572602,-0.03973608526307847,0.00579339043051242
6,CHI,-0.0565122319262953,66.70786886929028,0.529922908917368,-0.0004184499536663102,0.022766095906088055
6,CIN,-0.0811613228113356,55.022317427332794,0.6439235819710549,0.0006115583524891832,-0.030396069308481235
6,CLE,-0.020602180146946248,60.80126301462785,0.574468313895532,0.030173927423661866,-0.047290644953944735
6,DAL,0.060702014135288467,67.11282296762518,0.6335483485483694,-0.007383624337363016,0.0052541035684237234
6,DEN,-0.12973654309072666,67.60115019344632,0.4999851388126303,-0.01890106934159506,0.033353938899532296
6,DET,-0.09406778078247335,67.53030908641168,0.437821607228087,0.00438219671210683,-0.028978875010184736
6,GB,-0.03785220949321368,61.40517478450558,0.7293364532926567,0.0004617035325892718,-0.039432083800230076
6,HOU,-0.13852527892497016,62.7793235510241,0.6506083045432092,0.008063398859149877,0.01458022787297151
6,IND,0.02575486212992861,60.722305275785885,0.6589734881410743,0.021121149543813337,0.034783484947742964
6,JAX,-0.04380403877693899,72.20241133198499,0.7123116128227884,-0.02657080431313601,-0.00431488621580771
6,KC,-0.1397874239767903,65.03690950062497,0.47822999308892516,0.0032315039170697324,0.0019012689599823605
6,LV,0.012705280506653214,66.50011803977777,0.4762878591479412,0.004509989478385163,-0.019072575430188796
6,LAC,0.05322314998783433,68.39456700107246,0.7814090332906055,0.0367859894687415,-0.0065268993067880135
6,LAR,0.010917521224188827,61.629538251275854,0.4993136843690842,-0.011603251353123751,-0.03652304331174904
6,MIA,0.14825203608013357,67.84393634305817,0.5196218988556298,-0.03838721367619868,-0.0010798405408879164
6,MIN,-0.11459223965500694,69.25755432632606,0.6034303125646396,-0.027133276826978744,0.024591806608756497
6,NE,-0.03052831715561019,65.80828048249755,0.4706171139187179,0.0220677637901596,0.013234476668021234
6,NO,-0.10988440348374354,71.52928607893084,0.7052433364322862,0.01669362356647567,0.013671099213454423
6,NYG,0.17630472259890842,72.74670054847888,0.4084046499150713,0.009513941435844433,0.014215268630640567
6,NYJ,0.023383978840231533,65.96485101613447,0.6441777100569297,0.0026394837181430812,-0.026968822396921888
6,PHI,-0.029503468602938288,66.56609760608038,0.5530811510587478,0.044352709003771855,-0.011877179758341436
6,PIT,0.14988835620679938,60.564361165022454,0.5819037495675959,0.016313946668717962,0.004522656166049028
6,SEA,-0.03138769315334476,55.8797460207219,0.5576008497941598,0.036230785246089435,-0.009906824892179575
6,SF,0.1661207679571006,72.10357511488756,0.49051169615521695,-0.018858050954540226,-0.026588882901858506
6,TB,0.004133269026133055,60.5796971194419,0.5830678122880977,0.0013619680537626416,0.008255316868913884
6,TEN,0.006104747673768753,66.40964382272757,0.4070698171487288,0.008030426540942997,0.014584964006560092
6,WSH,0.09374779386022766,65.28910008797638,0.49749565113825917,-0.015110406729280094,0.010221673863423254
7,ARI,-0.18188809589799143,68.55127593125646,0.6567470762914412,-0.0011050633940543684,-0.004269990569393707
7,ATL,0.05454608427670696,72.10581277742651,0.5744141561352775,0.0017529073068159136,-0.03013174846916709
7,BAL,-0.033156582767573314,65.88849394654567,0.509471486321495,-0.009184661498325686,0.021764216957532768
7,BUF,0.03017168518831875,72.35566915374397,0.3993282578949152,0.007795992956436747,-0.01387170645580493
7,CAR,-0.03532178065943976,59.604684922483955,0.5757483017145107,-0.002466642519052809,-0.029972389780391972
7,CHI,-0.12452012109979578,58.978141181804304,0.6262487685159857,0.025419103037530002,-0.0006450623654162169
7,CIN,0.04525573598592229,59.07190767809845,0.5119735304020372,-0.013961169779748803,-0.014555741742804613
7,CLE,-0.02424629335256183,60.53512295232308,0.6148085040930146,-0.022637956480907943,-0.0053537314923945666
7,DAL,-0.014140750932532932,68.40975317613358,0.472277107077271,-0.005237949387200312,-0.02496173370009839
7,DEN,-0.06686445227153419,68.90847837293501,0.5092512035137093,0.019165565161514093,0.013087956629315596
7,DET,0.11022749615295464,53.798127977338666,0.5415395589409663,-0.02509815573013158,-0.008423138279956116
7,GB,0.0263974845589066,67.37042025139287,0.5325563928581329,-0.02323395426455237,0.010527354926570564
7,HOU,0.14191533059271852,72.59140214643287,0.4377937143564174,0.012739232385861925,-0.004519738265837569
7,IND,0.03494103743970684,62.50030305730312,0.543862942247376,-0.0008781480178161162,-0.0076686870751206115
7,JAX,0.0973033504704441,72.76545378430376,0.6327682665087535,0.011871375947441348,0.035949200591358706
7,KC,-0.00292867162189354,65.30541678076003,0.43529668018263323,0.008676369261663087,0.035499099316218946
7,LV,-0.10717333796530285,65.3118148580466,0.33911833468251074,0.010071425432196348,0.002511420251936085
7,LAC,0.04620260844828448,67.12447798419755,0.6032377565035298,-0.025538520778531425,0.03406131816279722
7,LAR,-0.10659625808227478,55.16859299904114,0.5549056937410008,0.0031039911788433754,-0.012085394983222891
7,MIA,-0.051453525481780116,69.5331235815554,0.5897645363235656,-0.002203757844979485,0.010715142762562514
7,MIN,-0.06391092934862602,60.599815826467044,0.5060888150152764,0.003784059050357657,-0.026590069949662492
7,NE,0.08884882610731588,65.93724186661832,0.4668348782114318,-0.018479730365010882,0.018871928165508364
7,NO,-0.08400565552714241,55.59523464437071,0.571784979822356,-0.001732845725122091,-0.01981110401365722
7,NYG,-0.16619930503732108,64.47416486923886,0.48991510353864803,-0.01716648052299438,0.026121825065708565
7,NYJ,-0.0826800397506837,76.86086315037787,0.5613532169619848,0.023010828497505968,0.03085886388321588
7,PHI,-0.06947348545762048,75.98736970054433,0.590236023298517,0.01643664702746078,-0.011269806399900021
7,PIT,-0.006625684074627503,73.37131198765807,0.596930705469787,0.03550611907671859,0.012888640965496181
7,SEA,0.058693632159035496,59.42389575318793,0.6523658179828671,-0.023985187478602038,0.02390935253301359
7,SF,-0.05597220440521771,61.04254791828337,0.4901104690443335,-0.028499216983155842,-0.03763045758476846
7,TB,-0.14258940842262238,56.81138475646643,0.4171510869596371,-0.014539497366105013,-0.02150627389245162
7,TEN,0.10705158076849522,63.2152343764284,0.5442406621855381,0.006856649845285502,-0.019184794236653365
7,WSH,-0.18187789201115087,71.92927004753578,0.5541725436616843,-0.022880854416806776,0.03344334921617601
8,ARI,0.11508854904948942,66.65625954870634,0.6834952466053902,0.017915704434463928,-0.0027694681889329285
8,ATL,-0.06956018271710467,61.81082870319752,0.5779441648751559,-0.00295515600089806,-0.018258089366968232
8,BAL,-0.05470414012092813,71.72688713719467,0.5038709224024751,-0.006689615785177643,0.0014927526901325
8,BUF,0.02573865920477357,64.17620678070251,0.6571902004019061,-0.025513512269632974,-0.007358931597315162
8,CAR,0.034084483673480985,67.0361507137565,0.6248322543272161,0.004180735303365388,0.011241564968337687
8,CHI,0.16287321949223132,68.59086369878149,0.4778254203422022,-0.006216832447195346,-0.01565926689545785
8,CIN,0.18575474573790457,61.33121809592187,0.44307077931159045,-0.018806693543342266,-0.0013126100482816446
8,CLE,-0.028047190246418996,71.6419120427565,0.6875169146650886,-0.006059114469396473,0.021418308277262463
8,DAL,0.04182493934512929,60.91128233065048,0.4966739789366237,0.023602362903053432,0.040307431055638325
8,DEN,0.021908834133453032,59.453668303304774,0.604503596865997,-0.022118622170466198,-0.045001912873784765
8,DET,0.13459927163399857,67.28316736543916,0.317669313375997,-0.010196726110297254,0.004390510359736001
8,GB,0.0141616532214731,63.58109341141114,0.38056331468054744,0.00989730056388249,-0.03830053000574153
8,HOU,-0.03996307918382607,70.34193331478023,0.5259045670782082,0.013016614949377947,0.02994444739523761
8,IND,0.022200547728032993,65.04304527317149,0.3660937347386245,0.017153687550272245,-0.005761022662017961
8,JAX,0.06251454334749047,62.9848378552511,0.5795666973547233,-0.0003099044030318721,-0.0364627115203868
8,KC,0.07698350824440185,63.05603427283331,0.5136474213180944,-0.031051821361079646,0.013523641236147218
8,LV,-0.04063786105184254,65.95955376720286,0.7239333701948427,0.012326182954852192,0.004349453189689796
8,LAC,0.09568231086125695,66.82674356763529,0.6559871631176301,0.004257998588099969,0.029963030592876545
8,LAR,0.014532900277272899,65.24581521987344,0.5184300381359397,0.022195662942739128,0.010278730024877178
8,MIA,0.09691504394139372,75.5995413558649,0.5090160893043514,0.012482625794803302,0.0015515109570076514
8,MIN,0.0645422701730376,67.20236630752026,0.6390330059129933,0.04640766039353026,0.027958828510653806
8,NE,-0.02637208209921495,58.34712543284036,0.5185694580374913,0.01771050629926146,0.01219053043020973
8,NO,0.13993986955600396,63.1213012043796,0.5137719567743361,-0.014930405975234734,0.008910807170446658
8,NYG,0.0729443064528736,69.87934856728415,0.5724966022267071,-0.0074349905286201085,0.000691273149358623
8,NYJ,0.05952880224043028,64.61241607731522,0.6326615311542434,-0.03568142398059531,0.013616088302347928
8,PHI,-0.01322154149835924,59.86542153686819,0.3926427696232033,0.020485917904880614,-0.0010199660019534432
8,PIT,0.05057128889955312,73.1915599331109,0.5282059987738773,0.015372826897000065,0.02332283045917364
8,SEA,0.01995535733515682,65.61154103901588,0.4945208146043459,0.004049326396541546,0.021167029925290817
8,SF,-0.15931263344012547,58.691322587132134,0.6548529270659162,-0.019992797306485188,0.025095995779738426
8,TB,-0.07834255036848473,75.49471293029161,0.4235648332527713,0.0015599141659923493,-0.022896790083493893
8,TEN,0.129004910703265,61.04842456290594,0.4510414576850077,-0.002728500060747836,0.028367682181838536
8,WSH,-0.10046110469282031,65.5099072392294,0.46170150633136303,0.015680555938700217,0.02966414169417718
9,ARI,0.09762886121566532,63.7116967367075,0.6809548575489657,-0.010281865413585592,-0.02039128388113042
9,ATL,0.06391492624115888,62.98550325320409,0.619656618660476,-0.04187647637394975,0.007866366757135201
9,BAL,-0.048005099320559075,69.27419934249276,0.5245906721415141,-0.04644895878079041,-0.005273344654036338
9,BUF,-0.08273961978618796,53.98322913389433,0.7303007698874385,0.0018159406255367529,-0.005889678071627172
9,CAR,0.11299963768958643,62.47571464994913,0.5852107119303931,-0.02053003087274749,0.025805731154161547
9,CHI,-0.02391712587476945,55.68969384160468,0.5323169893300295,-0.012050500338169857,-0.03532231174451012
9,CIN,-0.006199006030168065,64.75219183307551,0.5451623480721541,0.03583216780417469,-0.027548952226626466
9,CLE,0.07705918880122072,70.59453096866405,0.4694626925964877,0.023681361521937973,-0.007242258397082615
9,DAL,-0.02485391047140601,64.56930659152384,0.4695914822324218,0.03505067987661086,0.005761393897281444
9,DEN,-0.028003312223966945,59.83617726863969,0.619779159371872,0.004110154274890324,-0.00437130901465696
9,DET,-0.04472720475433515,66.28038061460387,0.48672145409990764,-0.007352590091928092,0.0028557140042477997
9,GB,-0.05752094392254217,62.648741622401054,0.45272389659819007,0.049537018337561634,0.01108083400130316
9,HOU,0.07846880314441455,61.823470711060736,0.40271214212033113,-0.0012977196490806418,-0.01012564293374001
9,IND,0.2086156927403614,75.17230709048124,0.5002858819018596,0.006286634098588027,-0.0030028061803149307
9,JAX,0.0834663803897003,66.18919671517979,0.4997630558753696,0.035206486470081504,-0.028231750910626893
9,KC,0.07612998420690574,62.36342138301225,0.5778015795647198,-0.000406258363411663,0.005348673375360888
9,LV,0.31444480918243906,65.36537195072532,0.6123195944216244,-0.012890925420261505,0.02051235416453469
9,LAC,0.016890851159227206,61.21982352226926,0.5665034177954849,0.0038379564627592,-0.004484247517589576
9,LAR,-0.09726976728208557,77.24348844943685,0.2997103052477359,0.0016320742502490399,0.004088778892714636
9,MIA,-0.20775718363722648,56.377017164019236,0.4996726120885351,0.005094829673505792,-0.004566737977173348
9,MIN,-0.2071476886015889,66.95885753511685,0.5510829381662913,0.03488336377875367,-0.007858134982773012
9,NE,0.0535118313678732,67.76827126683625,0.5920003623038084,-0.02956326737200952,0.00961438593883753
9,NO,0.03140533698444346,66.60879121399174,0.5870618501407169,0.0033745105519768586,-0.0012920057897258161
9,NYG,0.06439693549678063,52.851581881877166,0.5791952567476545,0.034709716431803386,0.004818070341395197
9,NYJ,0.03845507534108043,64.69336013037315,0.6408960666662467,-0.010537140074326741,-0.00589284286162291
9,PHI,-0.03504134931032555,64.2276542988799,0.6530660961951703,-0.0024993312068344333,0.008742653696719147
9,PIT,-0.06685610011123952,76.57635479963392,0.5317830152608884,0.014671919506244009,0.019160420067049985
9,SEA,-0.06978204028103066,58.09723659931366,0.5548647916890097,0.004811528469045568,0.0018277400494987478
9,SF,-0.10632058374984771,65.44070762667387,0.45529834265073343,-0.016055766408333318,-0.009455808967130313
9,TB,-0.012508114505527046,66.18904421456834,0.5102818173141529,0.0161957143168485,0.0013017917994963264
9,TEN,0.06556406299471869,66.79255515385817,0.5487187743513412,0.0018279994785636272,-0.024979674814657286
9,WSH,-0.00499062158086179,66.61135084679692,0.5929767548758768,-0.002393501383155861,0.0010367250616902916
10,ARI,-0.012981546925596506,68.91919176321449,0.749278308577198,-0.006412615355411504,0.0578697652583822
10,ATL,-0.03549209621369071,77.27846176539975,0.5965039902977726,-0.010261918876078822,0.004340809300501399
10,BAL,-0.04009880474315806,63.02164845646202,0.6852749881172984,0.009214345091603258,0.03181113146216837
10,BUF,-0.05510005751306771,73.06342405074085,0.43473820647968564,0.004052837939614047,0.010258404274709886
10,CAR,-0.04447363506408112,67.05453417696006,0.48281392471604323,-0.012368540038458576,-0.024522113495956094
10,CHI,-0.060003655580190246,61.48967540705719,0.4476956564197415,-0.008525340183146622,-0.010537351027443688
10,CIN,0.06522216194896843,60.39734954139803,0.6117236589677799,-0.012997082378878777,-0.007336114930632277
10,CLE,0.21600641137877932,58.865277502471535,0.5080362040546194,0.03181426142923224,-0.015551119220358178
10,DAL,0.13089728977630896,64.2773207238933,0.6125595319128192,-0.019370526243381966,-0.02008526562933859
10,DEN,0.0575291196566714,65.68127529105742,0.4722034494420034,-0.024134187345403596,-0.028007413984577113
10,DET,0.006007015187947565,67.71901186329764,0.30933122286382175,-0.012866671947274715,0.005942524300519689
10,GB,-0.045970565075012626,65.2537631900886,0.7018553937882589,0.007493323902425013,-0.00174726987485358
10,HOU,0.1606469703842761,64.4127922612892,0.5140103197831063,0.002562108217579961,-0.0065973795074162275
10,IND,0.042406969065449975,66.60391406059581,0.6477146126598169,0.006168119556017865,0.012872416996898164
10,JAX,-0.042357745916595864,71.62497360214496,0.6306556864613355,-0.021699748079209966,0.03135152314632476
10,KC,-0.026573907880395094,67.69365473765698,0.3093943656254239,0.04101616011762399,-0.018649638899508582
10,LV,0.17097291146710647,66.20260120578112,0.4811682361017861,0.015843257388999842,0.020730497588349456
10,LAC,-0.07358616733505693,64.92866739718352,0.784375355210666,0.03278478770438171,-0.0021389237516487936
10,LAR,0.0060737040356144975,59.155211508409415,0.6743669817553074,-0.015356886488210738,0.014343099833785369
10,MIA,-0.20905710530360222,61.5077903898995,0.5338435463015065,0.012066052786777453,0.012128836892049228
10,MIN,0.012521277286912592,59.64792063096945,0.5989259141367589,0.008454888417457397,-0.014357352539032064
10,NE,0.21157666483814938,73.15396947045147,0.6232806560758596,0.007412514571524674,0.005980462910051679
10,NO,-0.20754662967095794,68.58920047562711,0.6621913526118701,0.005955776299926875,0.0005839311022801818
10,NYG,0.05138723310924338,60.59416057145266,0.4719005779629558,-0.023519315690156077,0.006803986850578647
10,NYJ,0.0022126523956053214,67.6561539689666,0.39313670253918653,-0.01133784873486039,-0.0016973801376444098
10,PHI,-0.06962123924769163,63.11167818274838,0.6726532370321313,0.0028164945727511275,-0.014797654145714203
10,PIT,-0.007364031022871026,68.73355369373357,0.6107005268831139,-0.01873437472125422,-0.019900643916185977
10,SEA,-0.047869533308644456,67.36750444424023,0.5155514903555601,0.01961889124200676,-0.0033955380957347184
10,SF,-0.09170329341587936,65.23445677501196,0.4202669519970958,-0.03947219194608335,0.04596499461660791
10,TB,-0.08031494305871989,67.89899383339231,0.5912184570699541,-0.03208571311283317,0.03616390703067374
10,TEN,0.0019876165491193565,68.23009430273815,0.5226589486379118,0.005795357384204657,-0.004215229229976047
10,WSH,0.06825801731981991,58.12155219254015,0.5782935059940396,0.0014780060860053196,0.011123734130240174
11,ARI,0.011106833657255184,72.7347829498412,0.5082546424504694,0.011697527444691633,9.74975919536715e-05
11,ATL,-0.054992656639584275,67.1035779364038,0.5738324126672064,0.031057750551701062,0.002072333150607706
11,BAL,-0.05318391503003124,70.26993339828554,0.44796624899290105,0.0030933487226349706,0.007761009780914433
11,BUF,0.1991578768227146,61.46475908389433,0.4269041555303722,-0.0017801701349239455,-0.01792583943248489
11,CAR,-0.11567553850313494,70.48200049938565,0.5591620103725745,0.025511735435365633,-0.007111525647662451
11,CHI,-0.10759595753998699,70.32861195117512,0.4758650010541313,0.04342890411414201,-0.01677183835852772
11,CIN,-0.04589703728339135,70.833508566917,0.6276632635843375,0.018834244284258114,0.005151249404041599
11,CLE,-0.10290701550084641,58.51140462337054,0.5856196018442,0.0036577785689454333,0.0017337605919018912
11,DAL,-0.07727646793704794,64.12614972086175,0.48076739629058146,0.010273534915681521,-0.012553985313255802
11,DEN,0.10501407316559992,68.65881620853924,0.6533585910615747,-0.029417102043792918,0.02018834082250621
11,DET,-0.033428408231442545,53.3965128683044,0.6154290174419881,-0.011413365550366473,0.014688194074675493
11,GB,-0.09886914501899513,63.59428913439072,0.557983415486903,-0.0003927517666345557,0.02287954987434174
11,HOU,0.08470517489189111,54.07009430530629,0.5655365788402044,-0.01852970737347261,0.025421859583119058
11,IND,-0.17801885772318993,66.29648723627945,0.5995045562148753,-0.008712353846598148,-0.006611503855735812
11,JAX,-0.1023207209409423,70.70947970873749,0.5594270103158694,0.04206100349655364,-0.012125771539398943
11,KC,-0.027009235152823458,62.05590580071954,0.7276623961569365,-0.030930674126298845,-0.014585113404195034
11,LV,-0.03128080473154914,61.745577657131214,0.4434443541679346,-0.012263483655193322,-0.015613505950494145
11,LAC,0.031782880536032995,63.93262852581298,0.4027508767243452,0.006927471759214625,0.047633436486938074
11,LAR,-0.03761159053138998,68.09993221211657,0.6512645359684921,-0.005636969456111069,0.0003588905905214832
11,MIA,0.0835752364410191,62.719558506289225,0.5349571557954408,0.037676219639937204,-0.013783566064483608
11,MIN,0.12279543252916732,59.53044686831374,0.6025683359846682,-0.04930197865379183,-0.006549199717607769
11,NE,-0.08364607228549767,65.2883821237239,0.5343506980569941,0.025047971745234727,0.014873206548314514
11,NO,0.009917317864424605,65.4720283376947,0.6456139691473074,-0.03502434848486301,-0.008698664220473782
11,NYG,-0.06041634872744564,55.43674288364768,0.5233797311900624,0.01937183356224959,0.008808784448231194
11,NYJ,0.16629823445083694,64.41201698712965,0.5496184475293353,0.0005460908888496022,-0.016890872684638375
11,PHI,-0.11534191598331481,58.826572950623486,0.6833295927793543,0.029546119512999937,0.004996046566492503
11,PIT,-0.17224778750951153,62.91907761878528,0.4768374053732093,-0.021861277352343025,-0.007604457899970469
11,SEA,-0.08042003907614914,65.52297720705954,0.6146367777842272,0.014963350227947881,0.00545559930463261
11,SF,-0.08549425076095729,63.11576182707757,0.5252941390522705,-0.038786420321883126,-0.010137837631874615
11,TB,0.14168361992069928,62.94471181369305,0.6002997205718391,0.0007566612664262264,-0.02598586900237048
11,TEN,-0.007734396832451595,68.60936025707198,0.6545562015559453,0.017428772293920987,-0.017872697565649635
11,WSH,-0.02595275428100985,69.95363148571646,0.5934420344937225,-0.002743590968376359,0.03800610216998695
12,ARI,-0.06086349141310137,62.88388068240744,0.49730938422395765,-0.008228279119957162,0.010487430493077335
12,ATL,0.0819194239159772,65.65707083028656,0.8230664266088714,-0.014136244675947335,-0.015718435543035328
12,BAL,0.02660551954146892,59.626776677507706,0.40779529274136683,-0.0221877590283157,0.00780423688228868
12,BUF,-0.06980603237122666,64.63390762778263,0.5440523064791215,-0.027478171914522252,-0.007617105543686972
12,CAR,-0.09917966251019678,54.351827807330444,0.46392095167394537,-0.012613943169823906,-0.02119252587452958
12,CHI,0.008104494088486226,63.26850617848925,0.4503162489991043,0.010065059792834877,-0.008162260812739477
12,CIN,-0.026533843539938054,61.46771265701738,0.5742936902029749,-0.006101805700613258,-0.004788981275518012
12,CLE,-0.03733130687244045,60.08419153166224,0.5304409838597626,-0.0003337856363714965,0.040838126380189105
12,DAL,-0.03224705681900056,66.11331703874995,0.4206997342281042,-0.04261604221006999,0.012943202111628175
12,DEN,0.005300519018708805,57.12531851369504,0.6815637257931445,-0.01942433642204174,0.032621639914504896
12,DET,-0.014559288765591259,63.69306733341259,0.4508502419330601,0.003621095203364261,0.021934137562889415
12,GB,0.08506009215188871,74.4334337479397,0.4228416790259978,-0.0092208709896212,-0.022613707412154613
12,HOU,0.02854117946963977,61.38651953416166,0.5380678798551635,0.0127011868976128,-0.030735669754610475
12,IND,0.09647105724811586,63.727490051825846,0.5614675783889074,0.023833365832206348,-0.010193107323658976
12,JAX,-0.06225022523391193,67.22392527598811,0.7331342949418227,0.0007354587370302255,-0.0295178924923097
12,KC,0.08502962048480765,68.5176304436683,0.6303192510909498,0.0052546138556439324,-0.02366405846494416
12,LV,-0.00837326758429876,67.51535227482367,0.5473452963466097,-0.02967054530575456,0.005207966874841052
12,LAC,0.003519039391752122,66.87378368815207,0.4566386408357945,-0.008908791432648968,-0.03260868093972021
12,LAR,0.03837912726272277,71.61853855222618,0.39636384278624354,-0.01747262317325971,0.008267590660606757
12,MIA,-0.041503390392331085,59.84938071524923,0.6730454990507871,-0.01736067095469673,-0.014323898144728656
12,MIN,-0.029049084801694682,69.965860171966,0.4319989320775788,-0.0008542171629357961,0.008916075350071325
12,NE,-0.24250947298671283,61.990302363564396,0.6026165740982263,-0.034559856170344,-0.002904254745213364
12,NO,0.1354895846448955,66.85409849735935,0.7455105675878259,-0.007915894081980328,0.006890041315920582
12,NYG,-0.09644387531000137,68.600847953131,0.5355842252363141,-0.030360071217712347,0.03722073315307903
12,NYJ,-0.036949644228378695,53.481352672283826,0.6086194010459282,-0.0003507960867625046,-0.012296811454121082
12,PHI,0.04052752194528769,65.07125345146372,0.4151137257317161,-0.007123795260490752,-0.04313546135736078
12,PIT,0.17622279283087136,59.54540438235922,0.46516273902281624,-0.012015236732468982,0.03330382840972789
12,SEA,0.03432363398972645,69.6810728380961,0.4368548696683978,0.030957431560253462,-0.020607118896769135
12,SF,0.18322061775779402,64.94034037342327,0.5698153691659328,0.0028814466126055437,0.046534173883947816
12,TB,-0.11889869914150514,63.32960719667072,0.6039115878523648,0.007975953082308935,-0.0024019468613874213
12,TEN,0.09569316686570023,69.82566230383883,0.5206126502310005,-0.0037402599627159704,0.02582103662606952
12,WSH,-0.006297065700860309,67.52620155217878,0.5640413184578875,0.012364002349760372,-0.0009172541914790413
13,ARI,-0.019234737872199124,67.27745581282187,0.5997751784149864,-0.013537345933492633,0.013538972082584463
13,ATL,0.145288817792728,52.12913219109097,0.3375275954075152,-0.0044097983438083285,-0.007974696146140424
13,BAL,-0.001149444742554987,67.66436566739308,0.33121250800170254,0.010279930816567398,-0.003897573756155001
13,BUF,0.10625946349051359,58.59332051851351,0.5172869768398307,0.015675152084401824,-0.0035956761694198713
13,CAR,0.06242490630434138,67.41212706274682,0.7222705864556638,-0.03883919438068925,-0.016677099762738273
13,CHI,-0.052569392785079105,67.45058921981388,0.5656151289460554,0.015221675681400483,0.024312284132754818
13,CIN,-0.1819871107059585,57.52588000170456,0.6952972050015043,0.006078225414812515,0.01939923572184837
13,CLE,-0.22637032269001278,58.850328173677575,0.4826871992554967,0.017955367757966596,-0.03598897631855132
13,DAL,0.030188145139094326,71.66879629729573,0.3038556828360368,-0.027424749800673488,0.013150153152819128
13,DEN,0.07535177977143637,65.69093025325358,0.4389848368803858,-0.01407817903282728,0.03560909953020536
13,DET,-0.08328063901819342,67.4555920300004,0.38589560004824974,-0.02183073609709774,-0.012699654535437786
13,GB,0.04924210309477726,60.174446190372414,0.5480252979095137,-0.02095919408308499,-0.005538391845263463
13,HOU,-0.08564726605147444,64.71199505925118,0.6325211938961144,-0.022582242850330204,-0.0074258883860849854
13,IND,0.19888680973396267,65.9793559430621,0.5184135038196646,0.006460636721991582,0.001507661341836907
13,JAX,0.059327263927284817,64.25351528323563,0.5683213538138754,-0.01120891264268999,-0.024448923586901473
13,KC,0.09830617602633503,59.08245045742447,0.644278029709373,-0.028586618381886836,-0.010505125224757163
13,LV,0.16356851034872422,64.15477087111312,0.5725573948045442,0.003961001248224143,-0.028707207578768643
13,LAC,-0.04652177678320289,53.14416089713085,0.44627019132161655,0.031295761625857045,-0.006236391481946463
13,LAR,-0.295243900438981,57.96572763767686,0.5161404951643315,-0.0016712710297590108,-0.004599133047914713
13,MIA,-0.05806531160037479,65.34928257378324,0.5309671776713194,0.006844075012764365,-0.00018884630325619875
13,MIN,0.08258523448016981,60.496634440561664,0.5679859025664266,-0.0098390989397225,0.03138107975385119
13,NE,-0.16211381598936897,63.3064622151711,0.7022359255802447,0.033943667986613066,-0.004576791422708914
13,NO,0.02202177347427906,64.33880624474241,0.44896016325448873,0.015469900259605849,0.01625748270016767
13,NYG,-0.23553650442821225,65.87630269207453,0.6113444172057008,-0.006724455189179623,-0.03271052446612998
13,NYJ,0.030513864432707857,70.1178339964831,0.5667801211402193,-0.01261124940284517,0.001516425136544749
13,PHI,-0.003568846206179038,65.58382177127406,0.5070847305875431,0.006387279008895884,-0.016774765477177333
13,PIT,-0.1873501322089992,59.457876710162786,0.6338328475047673,-0.009035149160430734,0.004001877641051696
13,SEA,0.08306890136699376,63.15014973497451,0.5831763882978229,0.006365962463670026,0.012870086330894271
13,SF,-0.19715723015640102,61.29379928003692,0.29574667010296013,-0.02525166394442832,0.03806901567230215
13,TB,0.07249729563411321,66.69237120229596,0.6827876439733619,0.015918758235576307,0.004383373378480898
13,TEN,0.016170976407796512,61.56486101083538,0.5685291507251002,-0.013439718217558906,-0.002008693397670049
13,WSH,0.25385511947444056,57.504261970628946,0.6252008537812918,0.01422294871729571,0.004402891630622344
14,ARI,-0.09274438400390023,65.29198184172557,0.39423622307690975,0.02131552798925895,0.016663388801407983
14,ATL,0.08151811370028707,69.26453934802609,0.4234013428968735,-0.024446258894329977,0.019162062419291696
14,BAL,0.008522791221782854,54.81101493740927,0.5618128276397082,0.011356734001917081,-0.008857933268644234
14,BUF,-0.056134107200256536,74.06964453443707,0.614525698494165,-0.025408579012523056,0.032769663335312275
14,CAR,0.0415371738497366,60.392635810588814,0.41198546540594194,-0.013734636588711864,-0.037656997699375444
14,CHI,0.08924498807449883,69.48211452331856,0.5787961521788131,-0.012314029429883118,0.007932978943381262
14,CIN,-0.04742919228497625,64.18944072480332,0.6364652369752529,-0.011203975162718365,-0.01740890655534659
14,CLE,-0.007264284879965836,68.59452961967344,0.5065371343441516,-0.04153101833179457,0.007120416307327754
14,DAL,0.013903908382974887,63.40233993578304,0.5439978478545608,0.0038645684850487985,-0.0318306514185513
14,DEN,-0.1397319743897005,56.028991932041265,0.3507579105628481,-0.006629362934956224,0.005796067001100286
14,DET,0.07565567947334335,62.80909436051228,0.6658269168710979,-0.018516771279075594,0.01876917362447028
14,GB,-0.18022788462102798,66.6313664849559,0.44261029101366806,0.013920598780848772,-0.009308846834831618
14,HOU,-0.09311638494058685,68.64680873521056,0.5776639609300119,-0.03695880984401195,-0.0023850045529400206
14,IND,-0.07275348409397953,62.12366596277429,0.5158972538154167,-0.013166497281060525,0.0435562706298061
14,JAX,-0.014289945869103477,64.84954177147556,0.5664838362243473,0.012074257761407572,-0.02751566081764798
14,KC,0.06608199498337636,74.52898521881323,0.47034440118580334,0.006037297185254293,-0.014762473759396886
14,LV,-0.04302887232873224,69.62250537981856,0.5187563698890291,0.017270127291602082,0.03715167541190455
14,LAC,0.11064864151419528,63.7150492634061,0.7440502034827694,0.00016233658951035434,0.005249555307903485
14,LAR,-0.0027044947604278995,65.2183092020738,0.7304580351010044,0.0098870369472162,0.024838166478624763
14,MIA,0.018765040009953077,61.48086112680721,0.5709364252518436,0.023738978356240722,-0.004759648303847424
14,MIN,-0.06821326481662161,58.12941519065674,0.46649167415806525,-0.038528940171926096,-0.008886133549934245
14,NE,0.03491299085086149,59.26121728085506,0.591518483564131,-0.0634302264861154,-0.012957163908580713
14,NO,0.07515316918694978,62.80548412791137,0.5816871720242363,-0.0126846374851214,0.022718552655205088
14,NYG,-0.027976948080722486,64.86326446278363,0.4468098035069454,0.003558465353769167,0.007519276819393703
14,NYJ,-0.006538477947125614,63.563367921967156,0.6024103688749745,-0.03995405443058912,-0.0036524708060287087
14,PHI,0.06553133917752295,58.86281507267698,0.5217378199135191,0.027874537488480733,0.0189587581806042
14,PIT,0.006660221447565615,60.211652919007925,0.5221601634600457,0.009765355743324117,-0.020890362318194602
14,SEA,-0.019812918218516273,60.06313477023849,0.5353741616189595,-0.011662320467426284,0.009781125401975371
14,SF,-0.04532262039424788,68.68956443390535,0.5536021289944628,-0.02406977176789147,-0.0287423454143288
14,TB,-0.0953921118724735,66.40628719277835,0.556246006682053,-0.0024671837555830457,0.04523443687961736
14,TEN,-0.10826373443537499,55.41473509707919,0.670558961294986,0.016566222060039888,0.021954381358075196
14,WSH,0.04350814096351808,64.64861331464063,0.5532878716203579,-0.005690128296530697,-0.012954180152071613
15,ARI,-0.03978630245142131,61.227473901384826,0.5484873878171876,0.00018738610455163417,-0.02511741035216858
15,ATL,0.011770088857247812,60.19162872576906,0.4555743219416069,-0.01833205065628904,-0.01241894854646969
15,BAL,-0.011527830658004239,74.99551216612512,0.390258671874415,-0.009519616473181974,-0.01138894048178563
15,BUF,0.10249419482842043,72.45666279109152,0.5434687921102942,0.045944118832223796,0.021295592049240225
15,CAR,-0.0036903584982714323,65.22730814898566,0.43703847427124576,0.012242714198194369,-0.026917036580918246
15,CHI,0.09028099404171558,69.14868423085056,0.5706281101852669,0.02146718054510571,-0.004433886643455196
15,CIN,0.0627277082394949,71.40669846620598,0.4854598819140385,0.01465655516124255,0.007288327205577239
15,CLE,-0.06941372846252522,64.51446429485908,0.49085674784575184,-0.03123389459798919,0.006423756847523506
15,DAL,0.02236372599683733,70.37465994857774,0.4507367975388836,0.007485107706691863,0.013659103661888774
15,DEN,-0.14005901361221426,72.26653714321228,0.6725516125371414,0.010731973179266887,0.028567577627200948
15,DET,0.03342033932317748,70.15061074536312,0.4299199585371392,-0.028528522639187794,0.006473791731673837
15,GB,-0.061562971786442613,60.317080423507925,0.515584529117852,0.013854049289428167,0.03206371450032382
15,HOU,-0.07483484115342394,61.63681386595321,0.5788802499487598,0.004993448421233963,-0.04279114980638516
15,IND,0.04020487451909977,61.857047345933985,0.7014470010689416,-0.005924454221601062,0.008875501194402759
15,JAX,0.029541598660135657,68.4190616221354,0.5521537009283934,-0.03311808470733961,-0.03246565439132176
15,KC,0.056436732254868074,67.09985429979038,0.6544063546950174,-0.0061076699875726335,0.0008005108376484061
15,LV,0.0056219584672415595,69.52185352188107,0.5093811028918349,-0.009029913210891452,-0.029964128449871077
15,LAC,0.02344642281131043,64.31254763694777,0.5296167898363513,-0.008923550996748636,-0.00873362837717326
15,LAR,0.13248123449590107,64.52497964391776,0.6404396404024613,0.01170532736141635,0.003808051843464333
15,MIA,-0.23246096711843076,57.13049486565655,0.49672284511031173,-0.019758109573705586,-0.009502643566962106
15,MIN,0.011572566697419026,69.01653992719632,0.44856806492996004,-0.011406771545130432,0.003607477581187742
15,NE,-0.03201800370037903,65.76878359234892,0.4748468687617265,-0.016190484897745116,-0.01645023285714765
15,NO,-0.016276748037766107,70.26717084997075,0.5086742047444435,-0.039043343068994776,-0.01170117925844602
15,NYG,0.08732172293434141,66.8394098499943,0.5314125837554942,-0.040426245793808324,-0.0015256753619039582
15,NYJ,-0.06123936221295578,75.90723793136932,0.695482843265293,0.0153976317508606,0.006282080286587654
15,PHI,-0.08268598070160711,64.39103032695887,0.39266373001959465,-0.004324646022606485,-0.008382048172831807
15,PIT,0.12275309695102482,61.959365282697256,0.42510549977578915,-0.009419476132104516,0.01289963402517705
15,SEA,-0.03308289090861437,63.36524048772744,0.39149455733216104,-0.002000744570012615,-0.006168028164801881
15,SF,0.03523505145959007,69.34084420371528,0.5256183858250881,-0.02006511287014829,-0.01734767104778572
15,TB,-0.03248210590401365,64.862185319276,0.5013068724050777,0.004049463429253624,0.028345024715038115
15,TEN,-0.015746302869854144,62.15391692921341,0.5139073311745637,0.01160099826947406,0.0035218208296556187
15,WSH,-0.24351427599510522,64.19685910093855,0.46962173370539617,0.012748959638482804,0.017936819277192675
16,ARI,-0.004874122542009134,57.70031270521207,0.5824394988338829,-0.016055578077537148,-0.027552194582711253
16,ATL,0.1323263249770754,63.67304770362803,0.605866082980761,-0.036387867621374095,0.013715713077783982
16,BAL,0.045429981525751215,69.9696652697414,0.6184391216892926,0.049943477515937404,0.011919304306100359
16,BUF,-0.05557243468172368,61.23229175090732,0.6860962489933226,0.029125494074661903,0.03623727113524589
16,CAR,0.05719241008855831,66.27026785184626,0.6367344233007476,0.019322544676446906,-0.017478007210020897
16,CHI,0.07962225843440104,76.17624378375923,0.5909800506621714,-0.002136473400365141,0.007095663186215172
16,CIN,0.02875818898410237,62.61463291046642,0.49342583065361534,0.01813580613577852,0.02703643284053155
16,CLE,0.21359858979471213,59.020945447468335,0.6114067779075884,-0.006688758832044521,-0.000796776217142613
16,DAL,0.00854239786827535,66.01734334165471,0.6343647749700682,-0.015261818438905455,-0.023669979473934958
16,DEN,-0.050140751104453665,60.55997243624081,0.538506115520977,-0.00419756035920893,0.04151035969224827
16,DET,-0.054926593709391486,65.01108074563038,0.6009213689871609,-0.022479031486885345,0.021599631283542548
16,GB,-0.012056984367354421,70.24502695812305,0.6460238869661312,-0.004011544482837432,-0.0187637463467099
16,HOU,-0.056716709617458276,72.53166829653959,0.5036930177705901,0.04635305959923374,-0.007813648459462513
16,IND,0.07203269840751685,65.52871647563803,0.5859672824073098,-0.016230307709363036,-0.024008004746441696
16,JAX,0.08239265903808476,62.1919976037621,0.37700783578618025,-0.027187302826881036,0.02770312296583489
16,KC,-0.004150080249675927,63.63369114821169,0.589143749292072,0.009049002812230287,-0.012758727018601241
16,LV,0.048538720488475566,53.89763244753554,0.5559413213760553,-0.02458951992031846,0.008630201276011502
16,LAC,0.13772459255295214,65.62912163656254,0.47418625294472466,0.0011812819213371766,-0.0331353690744635
16,LAR,-0.060076945508777485,63.956583090887975,0.5592332459612129,0.007436939512814131,-0.032930122163738404
16,MIA,0.009003052402720705,71.8872388273687,0.6764056795257312,0.010397933265775705,-0.0060797508774458235
16,MIN,-0.06593485578144516,64.07674060160039,0.5936532169132415,-0.04440388412381257,0.002277158153332289
16,NE,-0.08966721372449735,67.64978127519367,0.6717079294048677,-0.03691115109284553,-0.007250162131552022
16,NO,0.09342606785440638,69.43187219475114,0.6361839704443921,-0.0025229569115349233,0.038947854896384235
16,NYG,0.037999960584953196,59.815419327354185,0.5029725000845651,-0.00047305169190804995,-0.021423668143556562
16,NYJ,-0.0843836157714782,62.58636073788251,0.47152526309980203,-0.04987797425176752,-1.9746918120151368e-05
16,PHI,-0.11773178632917043,61.637832959987826,0.5456847630875344,0.006573725697379695,0.02426155078479806
16,PIT,-0.024405750325841982,63.303620020228244,0.5856224869946296,0.013078932011341476,-0.0002462247494279857
16,SEA,0.002720806922247223,67.49024410724205,0.6171886028611527,-0.015535343082449039,0.036254557497770214
16,SF,-0.12411699267539332,61.86393982330251,0.6915570802308196,-0.026240845364835633,-0.015343478858082179
16,TB,-0.018969016819764945,67.47640464948299,0.5066083996937287,0.011766965700037598,0.02971005333278201
16,TEN,0.0917714391308552,62.008169482543714,0.5775456711866418,-0.006718147802985423,-0.03704661224002387
16,WSH,0.07301090269429766,56.907179478336566,0.49205525985778054,0.04472423676253495,0.005993391089432245
17,ARI,-0.049324977703684235,61.93963759251192,0.42653403213048685,0.013128463908313733,0.0135183569114896
17,ATL,0.10731671094839637,61.838513086343355,0.5543423736201727,0.011712388302904182,-0.005410656271189238
17,BAL,-0.07565901596065228,71.40832505506559,0.6087501705069784,0.008052356315915542,-0.016101393863871823
17,BUF,0.09604727696987203,60.594689180936456,0.7645405887781158,-0.004560083135263095,-0.004814746898143039
17,CAR,0.06239508922695347,65.74323215137291,0.3943140519924178,0.008471988011758962,0.009497015246333403
17,CHI,-0.0030966144155171096,65.45494075573326,0.6029540472531624,-0.013840552127174197,0.0030091411078766494
17,CIN,0.03967048082663903,61.99568088288296,0.4406161404622919,-0.004092039709852628,0.028768147252961333
17,CLE,-0.04062706168267623,58.392905065530314,0.46070003838660356,0.004941743888760437,-0.03115597052390589
17,DAL,0.12675730021517337,65.77705219817233,0.4340534706031969,0.027560761182122195,-0.04082767328281408
17,DEN,-0.004118162606621665,65.61425566106979,0.5844602346454258,0.005901087277095393,-0.0016750417073969042
17,DET,-0.18520729948541673,58.89934117113833,0.43960989710667764,0.0069987934017236375,0.030867157447655297
17,GB,0.09126290741975944,66.77563066309864,0.3994704986269395,-0.01345138499798222,0.03338221116230403
17,HOU,-0.18184370561968885,64.19180226181422,0.48763196088959937,0.009415134673306604,-0.03776207793230401
17,IND,0.04643296155298482,67.59801801591271,0.6123308626238956,0.024652930253993677,0.009743065415190925
17,JAX,0.04786608523141384,71.15527366684827,0.5974389695615828,0.03290833237392264,0.014391878026908528
17,KC,-0.025007013802051177,64.00162169592774,0.5783716877588164,-0.023647927790587508,0.005760060580149389
17,LV,-0.05128797017923919,69.03702023518585,0.4074516161672008,-0.01579274991708371,0.022447244431387205
17,LAC,-0.08771115000138643,55.96570476635613,0.6372418134186622,0.003424202649341085,0.02011098488680117
17,LAR,-0.12532463190612528,64.01781989620505,0.4399956007116806,-0.013540346847656854,0.0351223657179882
17,MIA,-0.10039618357922822,66.25851784850045,0.7294273764082749,0.039050809600280435,-0.01915921460788296
17,MIN,-0.06051878337742339,58.396837211745854,0.30134742866284325,-0.004471393014972847,0.01650393001905202
17,NE,-0.0659374666188114,67.66149082719234,0.6465033493562252,-0.015404085097647704,0.01104130549318366
17,NO,-0.07863473435625219,68.12109689762804,0.44644263777783133,-0.014900315272441362,-0.012189939211709345
17,NYG,-0.013923960671578,62.92821775587897,0.6029221777691646,-0.01570989613064732,-0.01462331828877853
17,NYJ,0.18898402867367536,62.78416247662495,0.449444237591882,-0.01174905536073934,0.017880205939644102
17,PHI,-0.008169149616308472,69.24054801655222,0.7120381484422322,0.0037994416456706166,0.02059192629583914
17,PIT,-0.020802600754479237,73.208996435778,0.5832871394595249,0.009983002720993058,-0.0015591479404441569
17,SEA,0.08116806400043299,68.1121395696117,0.5710995121257797,0.020839311087049617,0.02645817237658915
17,SF,-0.06162297510361628,63.08614318559178,0.6198764500829503,0.019672492912252832,0.010597429452664946
17,TB,0.044122200208554535,69.59463070901154,0.4066328964921543,0.004058682014066543,0.031004471710973577
17,TEN,0.15309202947369938,63.58141595849155,0.512660820586306,0.010621753312849173,0.003276528593224851
17,WSH,-0.011131047429001995,65.07378574514405,0.5102695238174858,-0.02440500803508998,0.011975452967490483
18,ARI,-0.08747439097537373,64.15049478313337,0.6856936464134342,0.011712097759660119,-0.013346757133104632
18,ATL,0.22901420446248366,68.11667230257542,0.35161583724393963,-0.013011189844162462,-0.024383946115777624
18,BAL,0.04300951697644436,62.13827813194764,0.465160350494608,0.0029155904765426613,0.017330344432971493
18,BUF,-0.16548462946667464,71.96458186033855,0.6473425857760626,0.02140247075275424,-0.015251514056682899
18,CAR,-0.09595779018385972,70.84994398731092,0.5090810711192116,0.0008232580165499055,0.002184881759319164
18,CHI,-0.051541038505452164,64.83710442151511,0.5046551173496645,-0.001560095010869279,-0.039751041914617286
18,CIN,-0.016122368403042434,57.57170838544927,0.5275393464606752,0.008937858234859571,0.004164451613325348
18,CLE,-0.04973752002783733,69.51472181461065,0.2998244254985761,-0.015054273499563137,-0.015803761716204047
18,DAL,0.06262829441554772,66.54522126127976,0.434651830789681,-0.0007615282623903727,-0.00726632102876514
18,DEN,-0.07380805489850871,64.44544997678678,0.6128029540021911,-0.012069584903711602,-0.027537591141233504
18,DET,0.0752125412806252,71.8780266881036,0.46493914826089494,-0.0018276696219889327,0.038601411927035034
18,GB,-0.008847590410847742,66.7866196608669,0.7021662201299735,0.023530421109740414,0.005000251370562472
18,HOU,-0.1058441289062849,66.97936978916925,0.6152277826893034,0.01847710274589596,-0.02590142554921604
18,IND,-0.14279818085489215,62.60406192161188,0.5394643498574836,0.008194126446948613,0.011565278969397042
18,JAX,-0.0704166984200738,64.42390964710947,0.4050879848226811,0.013427805794328701,0.008787259858854916
18,KC,0.17435043732840066,68.62478985942926,0.5014376308159302,-0.009086822562871811,-0.021824989690036913
18,LV,0.14083208108513773,63.937322997399,0.47095733954833874,0.007563667572475155,-0.004849775915258568
18,LAC,0.1278284679113959,68.8375715897067,0.5389221198293038,-0.025437542521632044,0.010518079309783828
18,LAR,0.14630929278003865,66.32461128868378,0.5140810126619056,0.010984317758749624,-0.0316639558192222
18,MIA,0.12611090108127684,62.93143058481258,0.6341757095223508,0.02243663583379601,-0.009329285910887993
18,MIN,0.08963944178092842,68.21130313266623,0.2214860180437378,-0.007521361388448082,0.015802884608734805
18,NE,-0.1445307535521547,70.99182611449814,0.417285737459273,0.003211676187822443,0.0006573439903348237
18,NO,-0.0038240838942651626,65.6084862611718,0.4846092871987156,-0.0031332811419871776,0.02742172807058341
18,NYG,0.03441647214869099,61.67615505715235,0.6450446159842496,-0.055230548030786406,-0.015803875286101894
18,NYJ,0.011099752494427823,69.4148742413403,0.5601938223178422,0.04672173762547287,0.008080640916005138
18,PHI,0.030977062305620473,60.72683493553809,0.45066238797973596,0.01914646792461258,-0.00540452046602078
18,PIT,0.3164370908101887,59.85749063566339,0.31941620915793756,0.0105700791073702,0.0028625880960217167
18,SEA,0.08392278732110617,62.32335640282914,0.5363440845480725,-0.011333935852142499,-0.02313070797026346
18,SF,-0.11162739809767391,66.57782327447218,0.4863371237804228,-0.02010130565166255,0.03844193701353447
18,TB,-0.17837249956624915,64.94402819729154,0.36133112730851613,-0.013469673587656182,0.009927073114577186
18,TEN,-0.14115911873701487,60.209725794732115,0.41099250006908217,-0.027705418161478704,0.011302422655321316
18,WSH,0.16116626973897208,58.19520615884626,0.5741256592826683,-0.0024584078745124144,-0.020545728900943895
