{
  "version": "3.2.0",
  "weights": {
    "dynasty": {
      "north": 0.36,
      "east": 0.2,
      "south": 0.28,
      "west": 0.08,
      "prior": 0.08
    },
    "redraft": {
      "north": 0.48,
      "east": 0.24,
      "south": 0.18,
      "west": 0.1
    }
  },
  "quadrants": {
    "north": {
      "xfp_recent": 0.45,
      "xfp_season": 0.25,
      "targets_g": 0.15,
      "tprr_share": 0.1,
      "yprr": 0.05
    },
    "east": {
      "proe": 0.3,
      "qb_stability": 0.25,
      "scheme_ol": 0.2,
      "role_clarity": 0.25
    },
    "south": {
      "age_penalty": 0.55,
      "injury_risk": 0.3,
      "volatility": 0.15,
      "rookie_uncertainty": 0.35
    },
    "west": {
      "market_eff": 0.5,
      "contract_horizon": 0.3,
      "pos_scarcity": 0.2
    }
  },
  "caps": {
    "west_max": 80,
    "north_rookie_cap": 80,
    "rookie_pre8_weeks_max_rank": 12
  },
  "tiers": {
    "cutoffs": [
      96,
      91,
      86,
      81,
      76,
      71
    ]
  }
}