player_id,player_name,team,position,games,adot,yprr,racr,target_share,wopr,rush_expl_10p,aypa,epa_per_play
00-0035676,A.J. Brown,PHI,WR,13,12.041237113402062,,0.92380136,0.19635627530364372,0.529274580811682,,,
00-0039793,AJ Barner,SEA,TE,14,3.5789473684210527,,1.8014706,0.05846153846153846,0.11083280147268222,,,
00-0033293,Aaron Jones,MIN,RB,17,0.8709677419354839,,7.5555553,0.10367892976588629,0.16369136770794723,0.09803921568627451,,
00-0023459,Aaron Rodgers,NYJ,QB,17,,,,,,0.0,6.318979266347688,-0.002016905962565299
00-0037609,Aaron Shampklin,PIT,RB,3,,,,,,0.0,,
00-0036727,Adam Prentice,NO,RB,4,1.0,,0.0,0.006756756756756757,0.0107671893075914,,,
00-0030035,Adam Thielen,CAR,WR,10,11.161290322580646,,0.8887283,0.10598290598290598,0.26748690956678145,,,
00-0036422,Adam Trautman,DEN,TE,13,5.681818181818182,,1.504,0.03697478991596639,0.07664862605703979,,,
00-0039890,Adonai Mitchell,IND,WR,17,14.090909090909092,,0.40258065,0.10054844606946983,0.25067541731940324,0.25,24.0,2.4456589221954346
00-0038579,Aidan O'Connell,LV,QB,9,,,,,,0.0,6.267716535433071,0.0098110296594815
00-0039747,Ainias Smith,PHI,WR,3,4.222222222222222,,1.0789474,0.018218623481781375,0.03496502946330769,0.0,,
00-0035125,Alec Ingold,MIA,RB,9,1.25,,6.4,0.018779342723004695,0.030998440052736814,0.0,,
00-0037664,Alec Pierce,IND,WR,16,21.73913043478261,,0.54933333,0.12614259597806216,0.38247729058784363,,,
00-0035602,Alex Bachman,LV,WR,1,5.25,,1.4761904,0.005813953488372093,0.012020593541566022,,,
00-0034972,Alexander Mattison,LV,RB,14,-0.08333333333333333,,,0.06976744186046512,0.10402265550205916,0.05223880597014925,,
00-0034521,Allen Lazard,NYJ,WR,12,11.245901639344263,,0.77259475,0.09341500765696784,0.25670419732653527,,0.0,-1.0107955932617188
00-0031428,Allen Robinson,DET,WR,6,7.285714285714286,,0.5882353,0.011965811965811967,0.028186744217498182,,,
00-0033906,Alvin Kamara,NO,RB,14,0.8876404494382022,,6.873418,0.15033783783783783,0.23798982642993732,0.10964912280701754,,
00-0031544,Amari Cooper,BUF,WR,13,13.658823529411764,,0.47114557,0.1588785046728972,0.4290028802145307,,,
00-0032104,Ameer Abdullah,LV,RB,13,0.6595744680851063,,8.419354,0.06831395348837209,0.10734186138481247,0.12121212121212122,,
00-0036963,Amon-Ra St. Brown,DET,WR,17,7.666666666666667,,1.1683626,0.24102564102564103,0.5785444892369784,0.5,27.0,1.7241159677505493
00-0038619,Andrei Iosivas,CIN,WR,17,11.344262295081966,,0.69219655,0.0868945868945869,0.23532670768152955,,,
00-0034959,Andrew Beck,HOU,RB,2,10.5,,0.0,0.003205128205128205,0.007966944303077001,,,
00-0037292,Andrew Ogletree,IND,TE,11,10.714285714285714,,0.7266667,0.025594149908592323,0.05771756340737644,,,
00-0027973,Andy Dalton,CAR,QB,6,,,,,,0.0,5.113095238095238,-0.15145559537978398
00-0039816,Anthony Gould,IND,WR,1,18.0,,1.2777778,0.0018281535648994515,0.005061390963374506,,,
00-0034353,Anthony Miller,BAL,WR,1,15.0,,1.0666667,0.0019880715705765406,0.005504932852136064,,,
00-0039164,Anthony Richardson,IND,QB,11,-8.0,,,0.0018281535648994515,0.0017114923475225075,0.19696969696969696,5.176895306859206,-0.15934685937764412
00-0036328,Antonio Gibson,NE,RB,17,1.8275862068965518,,3.8679245,0.04957264957264957,0.08400536026710119,0.11666666666666667,,
00-0035021,Ashton Dulin,IND,WR,9,19.25,,0.43506494,0.014625228519195612,0.04177955102168664,0.4,,
00-0039373,Audric Estim√©,DEN,RB,13,-2.0,,,0.008403361344537815,0.010910126666280152,0.06578947368421052,,
00-0033699,Austin Ekeler,WAS,RB,12,-1.4390243902439024,,,0.07081174438687392,0.09587192476529222,0.09090909090909091,,
00-0032392,Austin Hooper,NE,TE,17,6.5423728813559325,,1.2331606,0.10085470085470086,0.22153686143648932,,,
00-0036841,Austin Trammell,JAX,WR,1,14.666666666666666,,0.90909094,0.005128205128205128,0.014408400275099736,,,
00-0038108,Bailey Zappe,CLE,QB,1,,,,,,0.0,3.125,-0.5265251398086548
00-0034855,Baker Mayfield,TB,QB,17,,,,,,0.05263157894736842,7.516339869281046,0.17537646823459202
00-0039316,Baylor Cupp,KC,TE,1,0.0,,,0.0015552099533437014,0.0023328149300155523,,,
00-0038809,Ben Sims,GB,TE,4,8.0,,1.05,0.009900990099009901,0.021538850620831593,,,
00-0039912,Ben Sinnott,WAS,TE,4,1.8,,3.1111112,0.008635578583765112,0.014531524246317273,,,
00-0036862,Ben Skowronek,PIT,WR,4,8.0,,1.725,0.00909090909090909,0.020732156898487696,,,
00-0038542,Bijan Robinson,ATL,RB,17,-0.2916666666666667,,,0.12141652613827993,0.17883325331769004,0.1118421052631579,,
00-0039738,Blake Corum,LA,RB,14,-0.625,,,0.013490725126475547,0.019387397059776566,0.06896551724137931,,
00-0039573,Blake Watson,DEN,RB,1,-2.0,,,0.0033613445378151263,0.004364050759644318,0.0,,
00-0038710,Blake Whiteheart,CLE,TE,7,9.0,,0.6296296,0.012244897959183673,0.029400621172116725,,,
00-0037091,Bo Melton,GB,WR,11,17.823529411764707,,0.30033004,0.033663366336633666,0.10115184128136918,0.5,,
00-0039732,Bo Nix,DEN,QB,17,2.0,,1.0,0.0016806722689075631,0.00285999142690053,0.04878048780487805,6.455160744500846,0.029816225700572057
00-0039794,Braelon Allen,NYJ,RB,17,-0.18518518518518517,,,0.04134762633996937,0.061171718720834455,0.05434782608695652,,
00-0031236,Brandin Cooks,DAL,WR,10,11.74074074074074,,0.40851736,0.07964601769911504,0.21417666457395637,0.0,,
00-0036261,Brandon Aiyuk,SF,WR,7,11.829787234042554,,0.66366905,0.0824561403508772,0.20963827316698275,,,
00-0032434,Brandon Allen,SF,QB,3,,,,,,0.0,4.03125,-0.5460205078125
00-0037382,Brandon Johnson,PIT,WR,1,5.0,,1.8,0.0018181818181818182,0.003614246885038235,,,
00-0034646,Brandon Powell,MIN,WR,7,10.2,,0.6960784,0.016722408026755852,0.04052144973024875,,,
00-0034419,Braxton Berrios,MIA,WR,3,6.5,,0.0,0.006259780907668232,0.014294009520169435,,,
00-0038643,Brayden Willis,SF,TE,1,5.5,,0.0,0.0035087719298245615,0.006963687956235126,,,
00-0038120,Breece Hall,NYJ,RB,16,0.25,,25.421053,0.11638591117917305,0.17780780567428178,0.12264150943396226,,
00-0039458,Brenden Bates,CLE,TE,1,-2.0,,,0.0013605442176870747,0.0017683897760212039,,,
00-0038935,Brenton Strange,JAX,TE,14,6.433962264150943,,1.2052786,0.0905982905982906,0.18794715096935247,,,
00-0036556,Brevin Jordan,HOU,TE,2,0.3333333333333333,,7.0,0.004807692307692308,0.007361979042448534,,,
00-0039530,Brevyn Spann-Ford,DAL,TE,6,5.857142857142857,,1.0731708,0.02064896755162242,0.04322270408635382,,,
00-0037746,Brian Robinson,WAS,RB,14,-0.92,,,0.04317789291882556,0.060733773045898096,0.10160427807486631,,
00-0039893,Brian Thomas Jr.,JAX,WR,17,11.422222222222222,,0.8313878,0.23076923076923078,0.5815223661752847,0.5,,
00-0037132,Britain Covey,PHI,WR,3,1.125,,3.7777777,0.016194331983805668,0.026100283576296228,,,
00-0039603,British Brooks,HOU,RB,1,,,,,,0.0,,
00-0039338,Brock Bowers,LV,TE,17,6.032679738562091,,1.2936078,0.22238372093023256,0.4786036361095517,0.2,,
00-0037834,Brock Purdy,SF,QB,15,,,,,,0.0,7.726141078838174,0.16229509219094432
00-0036754,Brock Wright,DET,TE,10,5.0625,,1.2345679,0.02735042735042735,0.057286035852172436,,,
00-0038477,Bryce Ford-Wheaton,NYG,WR,1,,,,,,,,
00-0039650,Bryce Oliver,TEN,WR,5,10.555555555555555,,1.0,0.015384615384615385,0.038632479009146875,,,
00-0039150,Bryce Young,CAR,QB,14,,,,,,0.0,5.550724637681159,-0.07324973396632982
00-0038840,Brycen Tremayne,WAS,WR,1,-2.0,,,0.0017271157167530224,0.0022399721852952486,,,
00-0039386,Bub Means,NO,WR,4,11.333333333333334,,0.69411767,0.02533783783783784,0.06486905955180929,,,
00-0039361,Bucky Irving,TB,RB,17,-3.0,,,0.08631921824104234,0.10142943287322886,0.13106796116504854,,
00-0032918,C.J. Ham,MIN,RB,5,0.16666666666666666,,35.0,0.010033444816053512,0.015201518565708737,0.0,,
00-0039163,C.J. Stroud,HOU,QB,17,10.0,,0.0,0.0016025641025641025,0.00390825190473921,0.0,6.152658662092624,-0.02245505841682133
00-0038129,Cade Otton,TB,TE,14,5.413793103448276,,1.2738854,0.14169381107491857,0.2956304333448798,0.0,,
00-0039359,Cade Stover,HOU,TE,13,5.363636363636363,,1.1271186,0.035256410256410256,0.07063660340813491,,,
00-0039918,Caleb Williams,CHI,QB,17,,,,,,0.06451612903225806,5.772012578616352,-0.08899853064579034
00-0037837,Calvin Austin III,PIT,WR,17,12.379310344827585,,0.7632312,0.10545454545454545,0.2855512965267355,,,
00-0034837,Calvin Ridley,TEN,WR,17,15.691666666666666,,0.54009557,0.20512820512820512,0.6160197739417737,0.42857142857142855,,
00-0036414,Cam Akers,MIN,RB,15,-1.5,,,0.030100334448160536,0.0410640151426819,0.15384615384615385,,
00-0039631,Cam Grandy,CIN,TE,4,2.4,,2.3333333,0.007122507122507123,0.01250430679299001,,,
00-0039325,Carson Steele,KC,RB,12,-1.5454545454545454,,,0.017107309486780714,0.022534322261905895,0.0,,
00-0032950,Carson Wentz,KC,QB,2,,,,,,0.0,5.130434782608695,-0.29372818573661474
00-0039394,Casey Washington,ATL,WR,2,18.0,,0.3888889,0.003372681281618887,0.010701654876250943,,,
00-0038979,Cedric Tillman,CLE,WR,9,10.823529411764707,,0.61413044,0.06938775510204082,0.17927135721761353,0.0,,
00-0034418,Cedrick Wilson Jr.,NO,WR,10,7.2592592592592595,,1.0765306,0.04560810810810811,0.09938281754384169,,20.5,0.5756083130836487
00-0036358,CeeDee Lamb,DAL,WR,15,7.7272727272727275,,1.0033613,0.22713864306784662,0.5184715160753874,0.35714285714285715,,
00-0038576,Charlie Jones,CIN,WR,2,5.0,,1.0,0.0014245014245014246,0.002895313035000243,,,
00-0038046,Charlie Kolar,BAL,TE,7,6.0,,1.9848485,0.02186878727634195,0.043903612818709664,0.0,,
00-0036429,Charlie Woerner,ATL,TE,8,2.9166666666666665,,1.3142858,0.02023608768971332,0.03584002522739124,,,
00-0038597,Chase Brown,CIN,RB,16,0.8153846153846154,,6.792453,0.09259259259259259,0.14692963370018536,0.1,,
00-0037809,Chig Okonkwo,TEN,TE,16,5.845070422535211,,1.1638554,0.12136752136752137,0.25000449610062137,1.0,,
00-0036463,Chris Blair,ATL,WR,2,18.5,,0.45945945,0.003372681281618887,0.010858394602913579,,,
00-0038685,Chris Brooks,GB,RB,11,-1.6923076923076923,,,0.02574257425742574,0.03493581056262892,0.1111111111111111,,
00-0039244,Chris Collier,LV,RB,2,-2.5,,,0.0029069767441860465,0.003574830961825196,0.0,,
00-0032128,Chris Conley,SF,WR,7,17.25,,0.36714977,0.021052631578947368,0.06357983178214023,,,
00-0033921,Chris Godwin,TB,WR,7,5.741935483870968,,1.6179775,0.10097719869706841,0.21426821711203176,0.0,,
00-0031484,Chris Manhertz,NYG,TE,4,3.75,,2.0,0.006201550387596899,0.01191491567269834,,,
00-0037324,Chris Oladokun,KC,QB,1,,,,,,,0.0,-1.389832615852356
00-0037239,Chris Olave,NO,WR,8,10.340909090909092,,0.8791209,0.07432432432432433,0.18338264464526563,0.0,,
00-0038611,Chris Rodriguez Jr.,WAS,RB,6,1.0,,12.0,0.0017271157167530224,0.0027660242700466757,0.08571428571428572,,
00-0034775,Christian Kirk,JAX,WR,8,13.702127659574469,,0.5885093,0.08034188034188035,0.21881198856310968,,,
00-0033280,Christian McCaffrey,SF,RB,4,3.1578947368421053,,2.4333334,0.03333333333333333,0.05927561800926924,0.12,,
00-0038124,Christian Watson,GB,WR,14,17.48148148148148,,0.65677965,0.10693069306930693,0.31821785879017106,0.25,,
00-0036555,Chuba Hubbard,CAR,RB,15,-1.2037037037037037,,,0.09230769230769231,0.1282688862285935,0.10358565737051793,,
00-0038582,Clayton Tune,ARI,QB,5,,,,,,0.0,4.0,-0.5640093088150024
00-0036360,Clyde Edwards-Helaire,NO,RB,2,-0.8,,,0.008445945945945946,0.012036864746462655,0.07692307692307693,,
00-0039703,Cody Schrader,LA,RB,1,0.0,,,0.0016863406408094434,0.002529510961214165,0.0,,
00-0035891,Cody White,SEA,WR,1,13.333333333333334,,1.1,0.004615384615384616,0.013729105464254435,,,
00-0036244,Colby Parkinson,LA,TE,15,5.36734693877551,,1.1178707,0.08263069139966273,0.1685871630467311,,,
00-0036290,Cole Kmet,CHI,TE,14,6.661016949152542,,1.2061069,0.09161490683229814,0.19809726230013447,,,
00-0036254,Collin Johnson,CHI,WR,2,8.0,,0.375,0.003105590062111801,0.00712860995608596,,,
00-0037304,Connor Heyward,PIT,TE,5,7.444444444444445,,0.5970149,0.016363636363636365,0.03643090756102042,,,
00-0033908,Cooper Kupp,LA,WR,12,7.58,,0.9366755,0.16863406408094436,0.3816125796476464,0.0,,
00-0033662,Cooper Rush,DAL,QB,12,,,,,,0.0,5.7912772585669785,-0.10152129889277282
00-0030578,Cordarrelle Patterson,PIT,RB,13,2.8,,1.9047619,0.02727272727272727,0.048359673834321174,0.1875,,
00-0034348,Courtland Sutton,DEN,WR,16,13.237037037037037,,0.60492444,0.226890756302521,0.6432174647054753,,25.0,3.7453689575195312
00-0035567,Craig Reynolds,DET,RB,7,-2.0,,,0.008547008547008548,0.010813056556985548,0.0967741935483871,,
00-0033282,Curtis Samuel,BUF,WR,14,4.608695652173913,,1.1933962,0.08598130841121496,0.16379129736222953,0.0,,
00-0036275,D'Andre Swift,CHI,RB,17,0.03773584905660377,,193.0,0.08229813664596274,0.12375598307680888,0.07114624505928854,,
00-0035628,D'Ernest Johnson,JAX,RB,12,0.3684210526315789,,13.714286,0.03247863247863248,0.0497864179713174,0.125,,
00-0033925,D'Onta Foreman,CLE,RB,10,0.125,,54.0,0.010884353741496598,0.0164627438874996,0.028169014084507043,,
00-0034777,DJ Chark,LAC,WR,4,11.5,,0.26956522,0.017953321364452424,0.04538058866102991,,,
00-0034827,DJ Moore,CHI,WR,17,7.387323943661972,,0.92087704,0.2204968944099379,0.4926994614164281,0.21428571428571427,0.0,-0.4472721815109253
00-0036527,DJ Turner,LV,WR,10,8.793103448275861,,0.61960787,0.04215116279069767,0.10329408163941184,0.2,,
00-0035640,DK Metcalf,SEA,WR,15,13.587155963302752,,0.6698177,0.1676923076923077,0.5035316408597506,,,
00-0033077,Dak Prescott,DAL,QB,8,,,,,,0.0,5.986970684039088,-0.0628091830772375
00-0034351,Dallas Goedert,PHI,TE,10,6.596153846153846,,1.4460641,0.10526315789473684,0.22682956488508926,,,
00-0039613,Dallin Holker,NO,TE,2,9.0,,0.5833333,0.006756756756756757,0.015823622687241516,,,
00-0038933,Dalton Kincaid,BUF,TE,13,7.64,,0.7818499,0.14018691588785046,0.3043911160431175,,,
00-0034383,Dalton Schultz,HOU,TE,17,8.047058823529412,,0.7777778,0.1362179487179487,0.3072282775090291,,,
00-0033893,Dalvin Cook,DAL,RB,2,3.0,,3.3333333,0.0014749262536873156,0.0026605327812485,0.0,,
00-0037258,Dameon Pierce,HOU,RB,9,-1.25,,,0.00641025641025641,0.008863181739938088,0.15,,
00-0035976,Dan Chisena,CAR,WR,3,7.5,,1.2333333,0.006837606837606838,0.014960711501920835,,,
00-0038115,Daniel Bellinger,NYG,TE,7,4.0588235294117645,,1.8115942,0.02635658914728682,0.05155279781496109,,,
00-0035710,Daniel Jones,MIN,QB,10,,,,,,0.11320754716981132,5.1617250673854445,-0.09792195240442322
00-0034860,Dante Pettis,NO,WR,8,9.724137931034482,,0.42553192,0.048986486486486486,0.11803954749091251,,,
00-0033854,Dare Ogunbowale,HOU,RB,15,1.7142857142857142,,4.125,0.04487179487179487,0.07452883972571446,0.06666666666666667,,
00-0037093,Dareke Young,SEA,WR,1,9.0,,0.0,0.0015384615384615385,0.0038390485548342648,,,
00-0035535,Darius Slayton,NYG,WR,16,12.88888888888889,,0.6174569,0.11162790697674418,0.3290741002836893,0.5,,
00-0036309,Darnell Mooney,ATL,WR,16,12.20754716981132,,0.76661515,0.178752107925801,0.4709494762235709,,0.0,-0.4238182008266449
00-0038558,Darnell Washington,PIT,TE,13,4.32,,1.8518518,0.045454545454545456,0.08734045905823057,,,
00-0036297,Darrynton Evans,CHI,RB,1,,,,,,0.0,,
00-0031381,Davante Adams,NYJ,WR,14,8.253521126760564,,0.9069966,0.21745788667687596,0.525361383171213,,,
00-0037257,David Bell,CLE,WR,1,6.333333333333333,,1.4210526,0.004081632653061225,0.008710501049360147,,,
00-0039648,David Martin-Robinson,TEN,TE,2,0.0,,,0.003418803418803419,0.005128205128205128,,,
00-0035685,David Montgomery,DET,RB,14,-0.47368421052631576,,,0.06495726495726496,0.09382247620811449,0.0913978494623656,23.0,1.519148588180542
00-0033589,David Moore,CAR,WR,14,11.070175438596491,,0.55625993,0.09743589743589744,0.2451009762974886,0.0,,
00-0033885,David Njoku,CLE,TE,11,5.151515151515151,,0.99019605,0.1346938775510204,0.27150958277741255,,,
00-0039074,Davis Allen,LA,TE,6,3.8461538461538463,,0.78,0.021922428330522766,0.041370547630998476,,,
00-0036898,Davis Mills,HOU,QB,4,,,,,,0.0,5.578947368421052,-0.27338753248515885
00-0035689,Dawson Knox,BUF,TE,14,9.575757575757576,,0.98417723,0.0616822429906542,0.1444238816814445,,,
00-0039040,De'Von Achane,MIA,RB,17,-0.40229885057471265,,,0.13615023474178403,0.1976233581868066,0.10344827586206896,,
00-0031763,DeAndre Carter,CHI,WR,5,11.071428571428571,,0.46451613,0.021739130434782608,0.056539001267241394,,,
00-0030564,DeAndre Hopkins,KC,WR,16,11.2,,0.68973213,0.12441679626749612,0.35141762778232477,,,
00-0036912,DeVonta Smith,PHI,WR,13,8.988888888888889,,1.0296663,0.18218623481781376,0.4358690661578043,0.0,,
00-0036620,Dee Eskridge,MIA,WR,3,5.0,,2.9333334,0.004694835680751174,0.009871679489356532,,,
00-0036425,DeeJay Dallas,ARI,RB,7,-3.0,,,0.005235602094240838,0.006149318803672275,0.1111111111111111,,
00-0035719,Deebo Samuel Sr.,SF,WR,14,6.802469135802469,,1.215971,0.14210526315789473,0.2983389894429006,0.047619047619047616,0.0,-2.089832067489624
00-0032775,Demarcus Robinson,LA,WR,17,14.893939393939394,,0.51373345,0.11129848229342328,0.33380028705974857,,,
00-0038621,Demario Douglas,NE,WR,16,6.103448275862069,,1.1694915,0.14871794871794872,0.319722784941013,0.0,,
00-0031280,Derek Carr,NO,QB,10,,,,,,0.0,7.655172413793103,0.14586565741177263
00-0038573,Derius Davis,LAC,WR,11,3.823529411764706,,1.7230769,0.03052064631956912,0.05620957321790005,0.08333333333333333,,
00-0032764,Derrick Henry,BAL,RB,17,-1.1363636363636365,,,0.0437375745526839,0.06140165274618398,0.13846153846153847,,
00-0033537,Deshaun Watson,CLE,QB,7,,,,,,0.0,4.452,-0.24616510009765624
00-0038122,Desmond Ridder,LV,QB,5,,,,,,0.0,4.340425531914893,-0.23412083564920627
00-0038622,Deuce Vaughn,DAL,RB,5,0.0,,,0.007374631268436578,0.011061946902654867,0.058823529411764705,,
00-0039424,Devaughn Vele,DEN,WR,13,8.381818181818181,,1.0303688,0.09243697478991597,0.21679104945990219,,,
00-0037487,Deven Thompkins,CAR,WR,4,-2.0,,,0.006837606837606838,0.009001930040689424,0.0,,
00-0039754,Devin Culp,TB,TE,2,12.166666666666666,,1.2054795,0.009771986970684038,0.02753600354400442,,,
00-0036331,Devin Duvernay,JAX,WR,10,11.4375,,0.431694,0.02735042735042735,0.0689584786311174,0.0,,
00-0035250,Devin Singletary,NYG,RB,15,-2.72,,,0.03875968992248062,0.04629579301230436,0.08849557522123894,,
00-0039792,Devontez Walker,BAL,WR,2,28.0,,0.25,0.005964214711729622,0.023074144660448933,,,
00-0035216,Diontae Johnson,HOU,WR,11,10.91044776119403,,0.5129959,0.10737179487179487,0.2710297520344074,0.0,,
00-0038393,Dontayvion Wicks,GB,WR,17,11.578947368421053,,0.4715909,0.1504950495049505,0.37286461464839404,,,
00-0038583,Dorian Thompson-Robinson,CLE,QB,6,,,,,,0.26666666666666666,1.3492063492063493,-0.5646122523716518
00-0037238,Drake London,ATL,WR,17,10.836477987421384,,0.73766685,0.26812816188870153,0.6722549278458697,0.0,,
00-0039851,Drake Maye,NE,QB,13,,,,,,0.1111111111111111,5.684491978609626,-0.08385738332003834
00-0035704,Drew Lock,NYG,QB,7,,,,,,0.0,5.005181347150259,-0.21475136712425114
00-0035631,Drew Sample,CIN,TE,11,1.5454545454545454,,3.2058823,0.03133903133903134,0.05216676137274784,0.0,,
00-0034798,Durham Smythe,MIA,TE,13,5.529411764705882,,0.5638298,0.026604068857589983,0.05763717380487863,,,
00-0036626,Dyami Brown,WAS,WR,15,7.325,,1.0511945,0.0690846286701209,0.15500469766364197,0.3333333333333333,0.0,-0.429860383272171
00-0039407,Dylan Laube,LV,RB,1,,,,,,0.0,,
00-0038498,E.J. Jenkins,PHI,TE,2,4.5,,0.7777778,0.004048582995951417,0.007881660094514851,,,
00-0039041,Elijah Higgins,ARI,TE,14,4.5,,1.5925926,0.041884816753926704,0.08327623764881914,,,
00-0036980,Elijah Moore,CLE,WR,17,9.313725490196079,,0.56631577,0.13877551020408163,0.3375658729854895,0.0,,
00-0038797,Emanuel Wilson,GB,RB,17,-4.5,,,0.027722772277227723,0.031051557610678203,0.1262135922330097,,
00-0038705,Emari Demercado,ARI,RB,13,1.3,,4.0,0.034904013961605584,0.057278931535858446,0.25,,
00-0038396,Eric Gray,NYG,RB,10,-2.0,,,0.017054263565891473,0.02174959643960519,0.0,,
00-0033576,Eric Saubert,SF,TE,8,6.714285714285714,,0.85106385,0.02456140350877193,0.05137390671788078,,,
00-0031690,Eric Tomlinson,LAC,TE,4,2.0,,1.125,0.00718132854578097,0.012055513302083303,,,
00-0039814,Erick All,CIN,TE,8,3.272727272727273,,2.1944444,0.03133903133903134,0.057931823663922966,,,
00-0038092,Erik Ezukanma,MIA,WR,1,29.5,,0.0,0.003129890453834116,0.015823911342052785,,,
00-0033881,Evan Engram,JAX,TE,9,5.373134328358209,,1.0138888,0.11452991452991453,0.22674471791356038,,,
00-0033045,Ezekiel Elliott,LAC,RB,15,-1.8,,,0.026929982046678635,0.036063091423951046,0.013513513513513514,,
00-0036825,Feleipe Franks,CAR,TE,3,16.333333333333332,,0.24489796,0.005128205128205128,0.015375999726641637,,,
00-0034981,Foster Moreau,NO,TE,15,9.232558139534884,,1.0403023,0.07263513513513513,0.17168408048314016,,,
00-0036196,Gabe Davis,JAX,WR,9,13.452380952380953,,0.43539822,0.07179487179487179,0.1939330388720219,,,
00-0035289,Gardner Minshew,LV,QB,10,,,,,,0.0,5.2342342342342345,-0.13716316795921898
00-0037740,Garrett Wilson,NYJ,WR,17,8.948051948051948,,0.8011611,0.23583460949464014,0.5879349723846222,0.0,,
00-0030565,Geno Smith,SEA,QB,17,,,,,,0.07142857142857142,6.462639109697934,0.0054824371216596595
00-0032141,Geoff Swaim,CLE,TE,1,2.0,,3.5,0.0013605442176870747,0.00231324287704002,,,
00-0039299,George Holani,SEA,RB,2,-1.0,,,0.0015384615384615385,0.0021375415941628697,0.0,,
00-0033288,George Kittle,SF,TE,15,8.51063829787234,,1.3825,0.1649122807017544,0.37104333529346867,,,
00-0037247,George Pickens,PIT,WR,14,13.699029126213592,,0.6378455,0.18727272727272729,0.531213193806735,0.0,,
00-0033895,Gerald Everett,CHI,TE,9,2.6923076923076925,,1.0285715,0.020186335403726708,0.0356831200368795,,,
00-0037086,Grant Calcaterra,PHI,TE,13,7.333333333333333,,1.3545455,0.06072874493927125,0.13530787270561404,,,
00-0038507,Grant DuBose,MIA,WR,2,11.75,,0.23404256,0.006259780907668232,0.018255206620749174,,,
00-0035500,Greg Dortch,ARI,WR,17,4.14,,1.6521739,0.08726003490401396,0.17008399177362157,0.0,,
00-0037252,Greg Dulcich,NYG,TE,3,5.916666666666667,,0.3943662,0.018604651162790697,0.04027323714609063,,,
00-0034184,Gus Edwards,LAC,RB,11,-3.0,,,0.008976660682226212,0.011058390160597849,0.058823529411764705,,
00-0036232,Harrison Bryant,LV,TE,5,3.4166666666666665,,2.097561,0.01744186046511628,0.03260499015883651,,,
00-0037617,Hassan Haskins,LAC,RB,11,2.3333333333333335,,7.0,0.005385996409335727,0.009202075109748534,0.029411764705882353,,
00-0034830,Hayden Hurst,LAC,TE,7,4.769230769230769,,1.1774193,0.02333931777378815,0.04495626078547385,,,
00-0038550,Hendon Hooker,DET,QB,3,,,,,,0.0,6.2,-0.20768871307373046
00-0033090,Hunter Henry,NE,TE,16,7.030927835051546,,0.9882698,0.1658119658119658,0.37284691624152355,,,
00-0037004,Hunter Long,LA,TE,7,3.4444444444444446,,1.9354838,0.01517706576728499,0.02802747992789263,,,
00-0038738,Hunter Luepke,DAL,RB,13,2.4375,,2.8461537,0.02359882005899705,0.04122409470527705,0.08333333333333333,,
00-0034365,Ian Thomas,CAR,TE,3,4.0,,0.29166666,0.010256410256410256,0.019148056148193204,,,
00-0036635,Ihmir Smith-Marsette,NYG,WR,1,,,,,,,,
00-0037156,Irvin Charles,NYJ,WR,1,3.0,,0.0,0.0015313935681470138,0.0028069228722584104,,,
00-0039363,Isaac Guerendo,SF,RB,13,3.125,,3.04,0.028070175438596492,0.049834945297947054,0.10714285714285714,,
00-0039798,Isaiah Davis,NYJ,RB,9,1.3333333333333333,,4.6875,0.018376722817764167,0.030284190844961232,0.26666666666666666,,
00-0036165,Isaiah Hodgins,NYG,WR,2,5.5,,1.0909091,0.0031007751937984496,0.0065670622453136845,,,
00-0037838,Isaiah Likely,BAL,TE,15,8.051724137931034,,1.0214133,0.11530815109343936,0.25150619513886585,,,
00-0039451,Isaiah Williams,CIN,WR,1,5.0,,0.4,0.004273504273504274,0.008685939163208391,,,
00-0037197,Isiah Pacheco,KC,RB,7,-1.375,,,0.024883359253499222,0.03327879619612294,0.03614457831325301,,
00-0036096,J.J. Taylor,HOU,RB,3,-2.0,,,0.004807692307692308,0.0063088950342856925,0.0,,
00-0036158,J.K. Dobbins,LAC,RB,13,-1.1578947368421053,,,0.06822262118491922,0.09527456906040599,0.13846153846153847,,
00-0039907,Ja'Lynn Polk,NE,WR,13,11.617647058823529,,0.22025317,0.05811965811965812,0.15907235963222308,0.0,,
00-0036900,Ja'Marr Chase,CIN,WR,17,8.72,,1.119266,0.2492877492877493,0.6054444088895097,0.6666666666666666,,
00-0039356,Ja'Tavion Sanders,CAR,TE,15,6.232558139534884,,1.2761194,0.0735042735042735,0.15228149952032627,,,
00-0035806,JaMycal Hasty,NE,RB,9,-0.16666666666666666,,,0.020512820512820513,0.03040521623960768,0.05,,
00-0036741,Jack Stoll,MIA,TE,2,4.0,,0.8333333,0.004694835680751174,0.009305794388842836,,,
00-0039365,Jacob Cowing,SF,WR,3,14.333333333333334,,0.9302326,0.010526315789473684,0.029084526257295358,0.0,,
00-0039617,Jacob Kibodi,CLE,RB,1,3.0,,1.6666666,0.004081632653061225,0.007348368325916937,0.2,,
00-0033119,Jacoby Brissett,NE,QB,7,,,,,,0.0,4.58659217877095,-0.20728103808184575
00-0036877,Jaelon Darden,SEA,WR,1,-3.0,,,0.0015384615384615385,0.001797240225311655,,,
00-0037741,Jahan Dotson,PHI,WR,14,9.909090909090908,,0.6605505,0.06680161943319839,0.16592163131063284,1.0,,
00-0039420,Jaheim Bell,NE,TE,3,7.666666666666667,,0.8695652,0.005128205128205128,0.011878475074011546,,,
00-0039139,Jahmyr Gibbs,DET,RB,17,-0.1746031746031746,,,0.1076923076923077,0.15933025962529848,0.164,,
00-0038752,Jake Bobo,SEA,WR,11,7.666666666666667,,0.7753623,0.027692307692307693,0.06501925872495541,,,
00-0035100,Jake Browning,CIN,QB,2,,,,,,0.0,,
00-0038041,Jake Ferguson,DAL,TE,14,4.186046511627907,,1.3722222,0.12684365781710916,0.24404269341478307,,,
00-0038998,Jake Haener,NO,QB,8,,,,,,0.0,4.466666666666667,-0.33218843672010634
00-0034960,Jakobi Meyers,LV,WR,15,9.853846153846154,,0.8017174,0.18895348837209303,0.4847096790407979,0.5,0.0,-1.5676263570785522
00-0038794,Jaleel McLaughlin,DEN,RB,16,-4.037037037037037,,,0.0453781512605042,0.04959265175862472,0.1415929203539823,,
00-0038640,Jalen Brooks,DAL,WR,12,13.633333333333333,,0.43276283,0.04424778761061947,0.1274685657261747,,,
00-0039491,Jalen Coker,CAR,WR,11,11.217391304347826,,0.9263566,0.07863247863247863,0.19886269378356444,,19.0,1.3107093572616577
00-0036389,Jalen Hurts,PHI,QB,15,,,,,,0.061946902654867256,7.614035087719298,0.10010141358339697
00-0039855,Jalen McMillan,TB,WR,13,12.137931034482758,,0.65482956,0.09446254071661238,0.26588735278052694,0.5,,
00-0037291,Jalen Nailor,MIN,WR,15,11.595238095238095,,0.85010266,0.07023411371237458,0.1790592801261905,0.0,,
00-0036387,Jalen Reagor,LAC,WR,7,10.25,,0.8130081,0.02154398563734291,0.05205010590302345,0.0,,
00-0037666,Jalen Tolbert,DAL,WR,17,11.468354430379748,,0.6732892,0.11651917404129794,0.31011806586674884,,,
00-0038938,Jalin Hyatt,NYG,WR,10,19.105263157894736,,0.1707989,0.02945736434108527,0.10741072723338771,,,
00-0033948,Jamaal Williams,NO,RB,13,-1.1666666666666667,,,0.02027027027027027,0.02819321580180848,0.0625,,
00-0039379,Jamari Thrash,CLE,WR,6,7.285714285714286,,0.43137255,0.009523809523809525,0.02123259139646377,,,
00-0031503,Jameis Winston,CLE,QB,11,,,,,,0.11764705882352941,5.647239263803681,-0.09240414906133172
00-0033553,James Conner,ARI,RB,16,-1.8727272727272728,,,0.09598603839441536,0.12447675868517755,0.14225941422594143,,
00-0037248,James Cook,BUF,RB,16,0.9736842105263158,,6.972973,0.07102803738317758,0.1126190150365512,0.10144927536231885,,
00-0036133,James Proche,CLE,WR,2,5.666666666666667,,1.2352941,0.004081632653061225,0.00843807452795457,,,
00-0037240,Jameson Williams,DET,WR,15,11.395604395604396,,0.9170685,0.15555555555555556,0.44150654872258505,0.36363636363636365,,
00-0031941,Jamison Crowder,WAS,WR,4,8.307692307692308,,0.6666667,0.022452504317789293,0.05261663292471918,,,
00-0033106,Jared Goff,DET,QB,17,5.0,,1.4,0.0017094017094017094,0.003567830695866201,0.0,8.501760563380282,0.2764572089826557
00-0039824,Jared Wiley,KC,TE,1,4.0,,1.75,0.0015552099533437014,0.003068495444496471,,,
00-0035264,Jarrett Stidham,DEN,QB,2,,,,,,0.0,,
00-0039393,Jase McClellan,ATL,RB,2,,,,,,0.0,,
00-0036259,Jauan Jennings,SF,WR,15,9.902654867256636,,0.8713137,0.19824561403508772,0.47035869846218514,,,
00-0039853,Javon Baker,NE,WR,4,12.5,,0.24,0.006837606837606838,0.0193567738462335,,,
00-0036997,Javonte Williams,DEN,RB,17,-0.4142857142857143,,,0.11764705882352941,0.17155533404472995,0.09352517985611511,,
00-0038543,Jaxon Smith-Njigba,SEA,WR,17,8.594202898550725,,0.95278245,0.2123076923076923,0.5202602755106412,0.0,35.0,2.2436094284057617
00-0039910,Jayden Daniels,WAS,QB,17,,,,,,0.11688311688311688,6.9375,0.1032280849687981
00-0039146,Jayden Reed,GB,WR,17,8.947368421052632,,1.2602941,0.1504950495049505,0.33942779473739093,0.35,,
00-0036613,Jaylen Waddle,MIA,WR,15,9.729411764705882,,0.92744863,0.13302034428794993,0.3555261983138295,0.0,,
00-0037228,Jaylen Warren,PIT,RB,15,-0.0851063829787234,,,0.08545454545454545,0.12747223885560577,0.11666666666666667,,
00-0039874,Jaylen Wright,MIA,RB,13,-1.0,,,0.009389671361502348,0.012952736608395484,0.11764705882352941,,
00-0034115,Jeff Wilson,MIA,RB,7,0.0,,,0.004694835680751174,0.007042253521126761,0.125,,
00-0033955,Jeremy McNichols,WAS,RB,14,1.6666666666666667,,1.35,0.02072538860103627,0.03459509679989725,0.10714285714285714,,
00-0037805,Jeremy Ruckert,NYJ,TE,13,3.4285714285714284,,1.09375,0.042879019908116385,0.08063317050338704,,,
00-0039810,Jermaine Burton,CIN,WR,4,21.142857142857142,,0.3614865,0.019943019943019943,0.07482133238998234,,,
00-0039614,Jermaine Jackson,NO,WR,1,,,,,,0.0,,
00-0036670,Jermar Jefferson,DET,RB,2,0.0,,,0.0017094017094017094,0.002564102564102564,0.0,,
00-0037267,Jerome Ford,CLE,RB,14,-0.3488372093023256,,,0.058503401360544216,0.08571190301385917,0.125,,
00-0036407,Jerry Jeudy,CLE,WR,17,10.885135135135135,,0.7628802,0.20136054421768707,0.5214803973630983,,,
00-0039392,Jha'Quan Jackson,TEN,WR,2,26.0,,0.102564104,0.005128205128205128,0.02046423637523101,0.0,,
00-0031345,Jimmy Garoppolo,LA,QB,1,,,,,,0.0,7.311111111111111,0.04616960949367947
00-0036442,Joe Burrow,CIN,QB,17,,,,,,0.0,7.664764621968616,0.1434012180388229
00-0026158,Joe Flacco,IND,QB,7,,,,,,0.0,6.314606741573034,0.007686845372232159
00-0039398,Joe Milton III,NE,QB,1,,,,,,0.0,9.0,0.406576419698781
00-0033897,Joe Mixon,HOU,RB,14,-0.5192307692307693,,,0.08333333333333333,0.12093810457736254,0.11336032388663968,0.0,-0.7261459827423096
00-0036628,John Bates,WAS,TE,10,4.846153846153846,,1.3333334,0.022452504317789293,0.044725850605709876,,,
00-0037306,John FitzPatrick,GB,TE,1,2.0,,1.0,0.0019801980198019802,0.0033046653207811057,,,
00-0037614,John Metchie III,HOU,WR,10,9.0,,0.7627628,0.05929487179487179,0.1390390169735138,,,
00-0033460,John Ross,PHI,WR,1,23.5,,0.12765957,0.004048582995951417,0.015518754102319841,,,
00-0038920,John Shenker,LV,TE,1,4.0,,1.75,0.0014534883720930232,0.002808739846778037,,,
00-0033246,Johnny Mundt,MIN,TE,13,4.2592592592592595,,1.2347826,0.0451505016722408,0.08513115814896331,,,
00-0039236,Johnny Wilson,PHI,WR,9,9.8,,0.2585034,0.030364372469635626,0.07509005537279222,,,
00-0039062,Jonathan Mingo,DAL,WR,14,11.0,,0.36147186,0.061946902654867256,0.16193444130167498,0.0,,
00-0036223,Jonathan Taylor,IND,RB,14,-0.3225806451612903,,,0.056672760511883,0.08372071815162584,0.10163934426229508,,
00-0035924,Jonathan Ward,PIT,RB,2,,,,,,0.0,,
00-0039344,Jonathon Brooks,CAR,RB,3,-2.6666666666666665,,,0.005128205128205128,0.00643782747658686,0.0,,
00-0033858,Jonnu Smith,MIA,TE,17,4.882882882882883,,1.6309963,0.17370892018779344,0.3627999715611968,0.0,,
00-0038994,Jordan Addison,MIN,WR,15,12.84,,0.6814642,0.16722408026755853,0.4451712532386333,0.0,,
00-0034364,Jordan Akins,CLE,TE,16,5.844827586206897,,1.1504425,0.07891156462585033,0.16454364639155716,,,
00-0036264,Jordan Love,GB,QB,15,,,,,,0.0,7.678733031674208,0.12028905600983633
00-0037525,Jordan Mason,SF,RB,12,3.7142857142857144,,1.7307693,0.02456140350877193,0.044880974390789086,0.1503267973856209,,
00-0031299,Jordan Matthews,CAR,TE,1,16.0,,0.0,0.0017094017094017094,0.005073062995544228,,,
00-0038678,Jordan Mims,NO,RB,7,0.16666666666666666,,23.666666,0.030405405405405407,0.04608214873745031,0.0,,
00-0039751,Jordan Whittington,LA,WR,6,5.392857142857143,,1.9403974,0.047217537942664416,0.0964567623781213,0.0,,
00-0035547,Joseph Fortson,KC,TE,3,1.3333333333333333,,1.25,0.004665629860031105,0.007734125304527576,,,
00-0034857,Josh Allen,BUF,QB,16,,,,,,0.034482758620689655,8.090543259557345,0.262097088144099
00-0038997,Josh Downs,IND,WR,14,6.859813084112149,,1.0940055,0.1956124314442413,0.3879888666831161,0.0,,
00-0035700,Josh Jacobs,GB,RB,17,-0.9534883720930233,,,0.08514851485148515,0.12086822229557403,0.10891089108910891,,
00-0026300,Josh Johnson,BAL,QB,4,,,,,,0.0,4.25,-0.45243391394615173
00-0035249,Josh Oliver,MIN,TE,11,7.785714285714286,,1.1834862,0.046822742474916385,0.10322870813733757,,,
00-0036988,Josh Palmer,LAC,WR,15,14.791044776119403,,0.580222,0.12028725314183124,0.33942698490683865,,,
00-0033943,Josh Reynolds,JAX,WR,8,11.25,,0.7185185,0.041025641025641026,0.1027508489214457,,,
00-0038589,Josh Whyle,TEN,TE,14,5.5,,1.1866028,0.06495726495726496,0.1316581203005253,,,
00-0033949,Joshua Dobbs,SF,QB,2,,,,,,0.0,6.479166666666667,0.12677642703056335
00-0036370,Joshua Kelley,TEN,RB,1,,,,,,0.0,,
00-0036332,Josiah Deguara,JAX,TE,3,0.6666666666666666,,7.0,0.005128205128205128,0.00799758460936853,,,
00-0033857,JuJu Smith-Schuster,KC,WR,11,5.5,,1.6153846,0.04043545878693624,0.0869537656272227,,,
00-0038720,Julian Hill,MIA,TE,11,6.0,,0.8333333,0.03129890453834116,0.0695837645533499,,,
00-0037594,Julius Chestnut,TEN,RB,7,0.3333333333333333,,11.0,0.005128205128205128,0.007856050382654828,0.045454545454545456,,
00-0034975,Justice Hill,BAL,RB,15,-0.6666666666666666,,,0.10139165009940358,0.1463690707219346,0.1276595744680851,,
00-0036945,Justin Fields,PIT,QB,10,,,,,,0.09302325581395349,6.559322033898305,0.009704086066639356
00-0036355,Justin Herbert,LAC,QB,17,,,,,,0.02631578947368421,7.697247706422019,0.12019054167861239
00-0036322,Justin Jefferson,MIN,WR,17,10.922077922077921,,0.911415,0.25752508361204013,0.6408606129745177,,22.0,3.0509066581726074
00-0034386,Justin Watson,KC,WR,15,15.1875,,0.5946502,0.049766718506998445,0.1640352594259182,,,
00-0037216,Justyn Ross,KC,WR,1,10.0,,0.0,0.0015552099533437014,0.004172016245321679,,,
00-0036040,Juwan Johnson,NO,TE,15,8.044117647058824,,1.0018282,0.11486486486486487,0.25873070049124797,,,
00-0036345,K.J. Osborn,WAS,WR,6,5.944444444444445,,0.53271025,0.031088082901554404,0.0653946495233731,,,
00-0037801,KaVontae Turpin,DAL,WR,15,8.442307692307692,,0.9567198,0.07669616519174041,0.18062256691993867,0.375,,
00-0036913,Kadarius Toney,CLE,WR,2,-5.0,,,0.0013605442176870747,0.001359749964809007,0.0,,
00-0032464,Kalif Raymond,DET,WR,10,8.0,,1.2215909,0.037606837606837605,0.09174148702086546,0.5,,
00-0039589,Kameron Johnson,TB,WR,3,3.0,,0.0,0.0016286644951140066,0.002972230574583289,0.5,,
00-0033923,Kareem Hunt,KC,RB,13,-1.8125,,,0.049766718506998445,0.06398271085349713,0.055,,
00-0038608,Kayshon Boutte,NE,WR,15,14.652173913043478,,0.5825915,0.11794871794871795,0.3609324352099345,,,
00-0036450,Ke'Shawn Vaughn,SF,RB,1,,,,,,0.0,,
00-0038454,Keaton Mitchell,BAL,RB,2,-5.0,,,0.0019880715705765406,0.0021411655625795008,0.0,,
00-0030279,Keenan Allen,CHI,WR,15,9.065040650406504,,0.6672646,0.19099378881987578,0.45863448527658945,,-45.0,-5.911163330078125
00-0038551,Kendre Miller,NO,RB,6,0.375,,11.0,0.013513513513513514,0.02074431089961247,0.15384615384615385,,
00-0037422,Kendric Pryor,CIN,WR,1,9.0,,1.0,0.0014245014245014246,0.0035021617186741317,,,
00-0033307,Kendrick Bourne,NE,WR,12,9.289473684210526,,0.8640227,0.06495726495726496,0.1616844667456089,0.0,0.0,-1.3199654817581177
00-0036842,Kene Nwangwu,NYJ,RB,1,,,,,,,,
00-0036919,Kenneth Gainwell,PHI,RB,16,1.0454545454545454,,5.0434785,0.044534412955465584,0.07142407139423887,0.14666666666666667,,
00-0038134,Kenneth Walker III,SEA,RB,11,-1.1886792452830188,,,0.08153846153846153,0.11158819741354538,0.08552631578947369,,
00-0038636,Kenny McIntosh,SEA,RB,7,1.25,,4.4,0.006153846153846154,0.010081522798416419,0.12903225806451613,,
00-0038102,Kenny Pickett,PHI,QB,5,,,,,,0.0,6.217391304347826,0.07472197905830714
00-0036510,Kenny Yeboah,NYJ,TE,6,4.625,,1.2702702,0.01225114854517611,0.024664656610683088,,,
00-0039901,Keon Coleman,BUF,WR,13,14.89655172413793,,0.6435185,0.10841121495327102,0.3045220258915536,0.0,,
00-0037231,Kevin Austin Jr.,NO,WR,8,11.772727272727273,,0.58301157,0.037162162162162164,0.09666874974563315,0.0,,
00-0034854,KhaDarel Hodge,ATL,WR,6,10.5,,1.0396825,0.02023608768971332,0.050103346407287835,,,
00-0036906,Khalil Herbert,CIN,RB,8,-1.9166666666666667,,,0.017094017094017096,0.02215164563714121,0.05555555555555555,,
00-0037261,Khalil Shakir,BUF,WR,15,5.48,,1.4981751,0.18691588785046728,0.37037852176717506,0.0,,
00-0039391,Kimani Vidal,LAC,RB,9,5.333333333333333,,1.2916666,0.01615798922800718,0.031938106975312505,0.046511627906976744,,
00-0029604,Kirk Cousins,ATL,QB,14,,,,,,0.0,6.585774058577406,0.033958287418636816
00-0036183,Kristian Wilkerson,LV,WR,1,5.333333333333333,,1.125,0.00436046511627907,0.009054726828972614,,,
00-0034577,Kyle Allen,PIT,QB,1,,,,,,,19.0,1.4325529336929321
00-0029892,Kyle Juszczyk,SF,RB,14,6.225806451612903,,1.0362694,0.054385964912280704,0.11141552007512043,0.2,,
00-0036970,Kyle Pitts,ATL,TE,17,8.41891891891892,,0.96629214,0.12478920741989882,0.28483270740679906,,,
00-0036928,Kyle Trask,TB,QB,3,,,,,,0.0,5.0,0.29781094193458557
00-0036876,Kylen Granson,IND,TE,14,11.35483870967742,,0.51704544,0.056672760511883,0.13036161462284312,,,
00-0035228,Kyler Murray,ARI,QB,17,,,,,,0.18421052631578946,6.624561403508772,0.07807556955437911
00-0037840,Kyren Williams,LA,RB,16,-0.8,,,0.06745362563237774,0.09574881851010364,0.08544303797468354,,
00-0039915,Ladd McConkey,LAC,WR,16,9.858407079646017,,1.0368043,0.20287253141831238,0.4830390167300534,,,
00-0034796,Lamar Jackson,BAL,QB,17,,,,,,0.21505376344086022,9.740890688259109,0.3412676977242535
00-0036268,Laviska Shenault Jr.,LAC,WR,6,-2.0,,,0.008976660682226212,0.011860590448178339,0.0,,
00-0035406,Lil'Jordan Humphrey,DEN,WR,14,6.511111111111111,,1.0,0.07563025210084033,0.1631063923803197,,,
00-0037539,Lucas Krull,DEN,TE,10,5.130434782608695,,1.2881356,0.03865546218487395,0.07798319283027609,,,
00-0036887,Luke Farrell,JAX,TE,10,4.823529411764706,,0.81707317,0.02905982905982906,0.05610609780041835,,,
00-0039355,Luke McCaffrey,WAS,WR,12,6.8,,0.9882353,0.04317789291882556,0.09457645960962834,,,
00-0039144,Luke Musgrave,GB,TE,7,6.6,,0.6818182,0.019801980198019802,0.040737123698881356,,,
00-0038547,Luke Schoonmaker,DAL,TE,10,5.527777777777778,,1.2110553,0.05309734513274336,0.10937286384271837,,,
00-0036972,Mac Jones,JAX,QB,10,,,,,,0.0,5.275985663082437,-0.019029342145475435
00-0033555,Mack Hollins,BUF,WR,16,12.98,,0.58243454,0.09345794392523364,0.24678005535747402,,,
00-0039920,Malachi Corley,NYJ,WR,5,8.333333333333334,,0.32,0.009188361408882083,0.022279750470180423,0.5,,
00-0038465,Malik Heath,GB,WR,5,6.461538461538462,,1.1547619,0.02574257425742574,0.05265732850547474,,,
00-0039337,Malik Nabers,NYG,WR,15,9.306358381502891,,0.7478261,0.2682170542635659,0.6827435899612515,0.0,0.0,-0.9637323617935181
00-0039880,Malik Washington,MIA,WR,12,5.416666666666667,,1.1435897,0.056338028169014086,0.12128957890918557,0.2,,
00-0038128,Malik Willis,GB,QB,6,,,,,,0.16666666666666666,9.682539682539682,0.24285140870109437
00-0039811,MarShawn Lloyd,GB,RB,1,-5.0,,,0.0019801980198019802,0.0021343763456633776,0.0,,
00-0024243,Marcedes Lewis,CHI,TE,1,1.0,,2.0,0.0015527950310559005,0.002483581600516242,,,
00-0032268,Marcus Mariota,WAS,QB,3,,,,,,0.15384615384615385,9.446808510638299,0.41030112733232216
00-0034753,Mark Andrews,BAL,TE,17,10.594202898550725,,0.9206566,0.13717693836978131,0.32871110367016576,0.0,,
00-0034272,Marquez Valdes-Scantling,NO,WR,13,17.386363636363637,,0.5372549,0.07432432432432433,0.2323668518581906,0.0,,
00-0035662,Marquise Brown,KC,WR,2,8.2,,0.7398374,0.02332814930015552,0.05761439760228616,,,
00-0039849,Marvin Harrison Jr.,ARI,WR,17,13.5,,0.5651341,0.2024432809773124,0.6001756178771014,,,
00-0038976,Marvin Mims Jr.,DEN,WR,16,7.245283018867925,,1.3046875,0.08907563025210084,0.19869819334825548,0.15384615384615385,,
00-0036176,Mason Kinsey,TEN,WR,2,8.5,,1.0,0.003418803418803419,0.007911830747691102,,,
00-0034771,Mason Rudolph,TEN,QB,8,,,,,,0.0,5.506329113924051,-0.02488408913592246
00-0039623,Mason Tipton,NO,WR,9,12.538461538461538,,0.303681,0.04391891891891892,0.1173907948305478,,,
00-0026498,Matthew Stafford,LA,QB,16,,,,,,0.0,6.9633699633699635,0.0593714591784355
00-0035140,Mecole Hardman,KC,WR,7,-1.0,,,0.02177293934681182,0.030084527248638346,0.4,,
00-0031595,Michael Burton,DEN,RB,11,2.4,,2.7083333,0.01680672268907563,0.02927788078174496,0.0,,
00-0036924,Michael Carter,ARI,RB,3,-1.4545454545454546,,,0.019197207678883072,0.025766328380672332,0.05714285714285714,,
00-0039066,Michael Mayer,LV,TE,11,6.15625,,0.79187816,0.046511627906976744,0.10072142656805903,,,
00-0039917,Michael Penix Jr.,ATL,QB,5,,,,,,0.0,6.422018348623853,0.13351482426354644
00-0036252,Michael Pittman,IND,WR,16,11.017857142857142,,0.6547812,0.20475319926873858,0.46612115062677884,,,
00-0038559,Michael Wilson,ARI,WR,16,11.338028169014084,,0.68074536,0.12390924956369982,0.3382847527558891,0.0,,
00-0034208,Mike Boone,CAR,RB,5,-4.666666666666667,,,0.005128205128205128,0.005496967111069423,0.0,,
00-0031408,Mike Evans,TB,WR,14,11.581818181818182,,0.78806907,0.1791530944625407,0.49347762729523625,,,
00-0034829,Mike Gesicki,CIN,TE,16,7.409638554216867,,1.0813009,0.11823361823361823,0.27065342231693434,,,
00-0034401,Mike White,BUF,QB,1,,,,,,,2.5454545454545454,-0.6502605785023082
00-0033536,Mike Williams,PIT,WR,13,14.8,,0.57528955,0.06363636363636363,0.1873450593514876,,,
00-0037300,Mike Woods,CLE,WR,5,11.0,,0.34759358,0.02312925170068027,0.06016575858301046,,,
00-0035243,Miles Sanders,CAR,RB,11,1.3666666666666667,,3.609756,0.05128205128205128,0.08335228815961343,0.05454545454545454,,
00-0033869,Mitchell Trubisky,BUF,QB,8,,,,,,0.0,8.423076923076923,0.37371195279634917
00-0033217,Mo Alie-Cox,IND,TE,12,9.173913043478262,,0.69668245,0.04204753199268738,0.09025701558663488,,,
00-0031585,MyCole Pruitt,PIT,TE,6,3.3,,1.2121212,0.01818181818181818,0.03312675694681026,,,
00-0035311,Myles Gaskin,JAX,RB,2,-2.0,,,0.0017094017094017094,0.002258825647041727,0.0,,
00-0036893,Najee Harris,PIT,RB,17,-1.4583333333333333,,,0.08727272727272728,0.1184914531660351,0.11406844106463879,,
00-0038783,Nate Adkins,DEN,TE,12,4.133333333333334,,1.8548387,0.025210084033613446,0.04832360094428814,,,
00-0031549,Nelson Agholor,BAL,WR,13,13.344827586206897,,0.5968992,0.05765407554671968,0.15157001126357622,,,
00-0034791,Nick Chubb,CLE,RB,8,-0.45454545454545453,,,0.014965986394557823,0.021767913230115128,0.049019607843137254,,
00-0033319,Nick Mullens,MIN,QB,4,,,,,,0.0,19.0,2.4343628883361816
00-0032394,Nick Vannett,TEN,TE,12,1.1,,6.1363635,0.03418803418803419,0.05488439046968826,,,
00-0036182,Nick Westbrook-Ikhine,TEN,WR,13,11.666666666666666,,0.71,0.10256410256410256,0.26846603476084197,,,
00-0036554,Nico Collins,HOU,WR,12,10.93939393939394,,0.9289012,0.15865384615384615,0.4009079199570876,,,
00-0038519,Nikko Remigio,KC,WR,1,10.666666666666666,,0.75,0.00933125972006221,0.02576777781178801,,,
00-0033591,Noah Brown,WAS,WR,11,11.375,,0.711146,0.09671848013816926,0.2567761167111792,,,
00-0035644,Noah Fant,SEA,TE,14,5.296875,,1.4749262,0.09846153846153846,0.2053733988220875,,,
00-0036637,Noah Gray,KC,TE,16,6.3061224489795915,,1.4142395,0.07620528771384137,0.17113925045585002,0.0,,
00-0031235,Odell Beckham Jr.,MIA,WR,8,8.631578947368421,,0.33536586,0.0297339593114241,0.07553599733736874,,,
00-0035208,Olamide Zaccheaus,WAS,WR,15,6.34375,,1.2463055,0.11053540587219343,0.23699549257446445,0.0,,
00-0038606,Parker Washington,JAX,WR,13,11.339622641509434,,0.64891845,0.0905982905982906,0.22763314908131574,,,
00-0035639,Parris Campbell,PHI,WR,4,4.25,,0.88235295,0.016194331983805668,0.0311246876084521,,,
00-0036894,Pat Freiermuth,PIT,TE,17,6.115384615384615,,1.3731656,0.14181818181818182,0.2973446043513038,,,
00-0033873,Patrick Mahomes,KC,QB,16,-1.0,,,0.0015552099533437014,0.0021488948013953226,0.0,6.406807131280389,0.10875626475923066
00-0033376,Patrick Ricard,BAL,RB,5,1.2,,3.6666667,0.009940357852882704,0.015919666931266428,,,
00-0035973,Patrick Taylor,SF,RB,5,3.5454545454545454,,0.64102566,0.01929824561403509,0.03497652026677602,0.075,,
00-0039050,Payne Durham,TB,TE,5,8.857142857142858,,0.92741936,0.02280130293159609,0.05607695402486511,,,
00-0037569,Peyton Hendershot,KC,TE,4,3.8,,2.6842105,0.007776049766718507,0.015158556904687226,,,
00-0033439,Pharaoh Brown,SEA,TE,8,4.25,,1.2745098,0.018461538461538463,0.03636999332560943,,,
00-0038098,Pierre Strong,CLE,RB,11,0.2727272727272727,,17.333334,0.029931972789115645,0.04571523880609786,0.07692307692307693,,
00-0039075,Puka Nacua,LA,WR,11,7.841121495327103,,1.1799761,0.18043844856661045,0.4130679511702282,0.0,,
00-0038544,Quentin Johnston,LAC,WR,15,10.835164835164836,,0.7210953,0.16337522441651706,0.4032567378059966,0.0,,
00-0036590,Quintin Morris,BUF,TE,5,9.25,,0.4864865,0.014953271028037384,0.03458382446562576,,,
00-0037256,Rachaad White,TB,RB,15,-1.912280701754386,,,0.09283387622149837,0.1200219833986767,0.08333333333333333,,
00-0037429,Raheem Blackshear,CAR,RB,3,,,,,,0.13333333333333333,,
00-0031687,Raheem Mostert,MIA,RB,12,0.5833333333333334,,11.5,0.03755868544600939,0.05897882569279574,0.10588235294117647,,
00-0038821,Rakim Jarrett,TB,WR,6,11.545454545454545,,0.97637796,0.017915309446254073,0.04927719716310307,,,
00-0039543,Ramel Keyton,LV,WR,2,10.0,,0.23333333,0.00436046511627907,0.011254502135480559,,,
00-0039067,Rashee Rice,KC,WR,3,5.206896551724138,,1.9072847,0.04510108864696734,0.09542357342529167,0.0,,
00-0039796,Rasheen Ali,BAL,RB,4,-2.5,,,0.003976143141153081,0.005123272918444312,0.0,,
00-0037545,Rashid Shaheed,NO,WR,6,17.585365853658537,,0.48404992,0.06925675675675676,0.2178129018158526,0.16666666666666666,,
00-0036550,Rashod Bateman,BAL,WR,16,13.51388888888889,,0.77697843,0.14314115308151093,0.3783590087655998,,,
00-0039875,Ray Davis,BUF,RB,16,0.8421052631578947,,11.8125,0.03551401869158879,0.05589890229628883,0.09734513274336283,,
00-0034407,Ray-Ray McCloud,ATL,WR,17,6.7701149425287355,,1.164686,0.1467116357504216,0.3123871954707633,0.3,,
00-0036187,Reggie Gilliam,BUF,RB,2,,,,,,0.0,,
00-0036875,Rhamondre Stevenson,NE,RB,15,-0.9534883720930233,,,0.0735042735042735,0.10279411175885261,0.10628019323671498,,
00-0039916,Ricky Pearsall,SF,WR,10,11.23404255319149,,0.75757575,0.0824561403508772,0.20530964975294314,0.3333333333333333,0.0,-0.5309751033782959
00-0036139,Rico Dowdle,DAL,RB,16,0.02,,249.0,0.07374631268436578,0.11076885015527055,0.11063829787234042,,
00-0034054,River Cracraft,MIA,WR,4,7.888888888888889,,0.92957747,0.014084507042253521,0.03451937662673668,,,
00-0032688,Robbie Chosen,MIA,WR,1,11.75,,0.10638298,0.006259780907668232,0.018255206620749174,,,
00-0030431,Robert Woods,HOU,WR,12,9.466666666666667,,0.71478873,0.04807692307692308,0.11484050808044581,,,
00-0039919,Rome Odunze,CHI,WR,17,13.841584158415841,,0.52503574,0.15683229813664595,0.4510843463195777,0.0,,
00-0037816,Romeo Doubs,GB,WR,13,12.136986301369863,,0.6783296,0.14455445544554454,0.36495682502737137,,,
00-0038647,Ronnie Bell,SF,WR,3,10.833333333333334,,0.33846155,0.010526315789473684,0.0258380605594108,,,
00-0037557,Ronnie Rivers,LA,RB,5,-4.333333333333333,,,0.01011804384485666,0.010763874538179995,0.09090909090909091,,
00-0039021,Roschon Johnson,CHI,RB,12,0.55,,9.454545,0.031055900621118012,0.04828213045217374,0.0,,
00-0034073,Ross Dwelley,ATL,TE,1,1.0,,5.0,0.0016863406408094434,0.0026862507751882923,,,
00-0029263,Russell Wilson,PIT,QB,11,,,,,,0.0,7.002717391304348,-0.013370800277461176
00-0039410,Ryan Flournoy,DAL,WR,7,8.214285714285714,,0.8869565,0.02064896755162242,0.04815228108679299,,,
00-0038824,Ryan Miller,TB,WR,8,9.75,,0.6564103,0.03257328990228013,0.08326013718734734,,,
00-0034869,Sam Darnold,MIN,QB,17,,,,,,0.0,7.5531197301854975,0.06128078930293529
00-0037077,Sam Howell,SEA,QB,1,,,,,,,-1.1666666666666667,-0.865162107679579
00-0039065,Sam LaPorta,DET,TE,16,6.9879518072289155,,1.2517241,0.14188034188034188,0.3292529784334012,,,
00-0033526,Samaje Perine,KC,RB,17,0.3142857142857143,,27.0,0.05443234836702955,0.08367164389260728,0.15,,
00-0034844,Saquon Barkley,PHI,RB,16,2.2790697674418605,,2.8367348,0.08704453441295547,0.15026246544411068,0.13218390804597702,0.0,-1.659953236579895
00-0038614,Scott Matlock,LAC,RB,5,1.4,,4.0,0.008976660682226212,0.014588071519084263,,,
00-0035298,Scott Miller,PIT,WR,4,11.777777777777779,,0.6509434,0.016363636363636365,0.04334930622442203,,,
00-0038951,Sean Tucker,TB,RB,11,1.0,,9.083333,0.019543973941368076,0.03143289623970123,0.18,,
00-0036534,Shane Zylstra,DET,TE,1,9.0,,2.4444444,0.0017094017094017094,0.004370813177994046,,,
00-0036646,Simi Fehoko,LAC,WR,5,14.75,,0.44915253,0.02872531418312388,0.08095182559354301,,,
00-0037509,Sincere McCormick,LV,RB,4,0.42857142857142855,,9.666667,0.010174418604651164,0.015733008358903705,0.15384615384615385,,
00-0039364,Sione Vaki,DET,RB,4,5.666666666666667,,2.1764705,0.005128205128205128,0.01110498350328551,0.0,,
00-0037327,Skylar Thompson,MIA,QB,2,,,,,,,4.794871794871795,-0.3977185762845553
00-0038090,Skyy Moore,KC,WR,2,6.0,,0.0,0.004665629860031105,0.01030900713431462,,,
00-0039376,Spencer Rattler,NO,QB,7,,,,,,0.25,4.688,-0.3391495056152344
00-0031588,Stefon Diggs,HOU,WR,8,8.6875,,0.8920863,0.10256410256410256,0.2374911101964804,0.0,13.0,2.7629191875457764
00-0036438,Stephen Sullivan,CAR,TE,1,16.0,,0.0,0.0017094017094017094,0.005073062995544228,,,
00-0032385,Sterling Shepard,TB,WR,13,9.096153846153847,,0.7061311,0.08469055374592833,0.21047836959556182,0.375,,
00-0034928,Steven Sims,BAL,WR,1,,,,,,0.0,,
00-0037475,Stone Smartt,LAC,TE,7,10.105263157894736,,1.0833334,0.03411131059245961,0.08197145842189635,,,
00-0035229,T.J. Hockenson,MIN,TE,10,8.387096774193548,,0.875,0.10367892976588629,0.23422109776715372,,,
00-0038555,Tank Bigsby,JAX,RB,15,-1.0833333333333333,,,0.020512820512820513,0.028784930910198736,0.11904761904761904,,
00-0038977,Tank Dell,HOU,WR,14,12.54320987654321,,0.65649605,0.12980769230769232,0.34755915632614726,0.3333333333333333,,
00-0037348,Tanner Conner,MIA,WR,2,11.5,,0.3478261,0.006259780907668232,0.01806657747780913,,,
00-0034613,Tanner Hudson,CIN,TE,9,4.083333333333333,,1.5714285,0.03418803418803419,0.06614984505069563,0.0,,
00-0038400,Tanner McKee,PHI,QB,2,,,,,,0.0,8.574468085106384,0.312291774343937
00-0037524,Tay Martin,TEN,WR,1,31.5,,0.7777778,0.003418803418803419,0.015443994969320602,,,
00-0031800,Taylor Heinicke,LAC,QB,4,,,,,,,3.5,-1.1841850280761719
00-0033357,Taysom Hill,NO,TE,8,3.4838709677419355,,1.7314814,0.052364864864864864,0.09561276088493902,0.1282051282051282,-6.0,-0.8044233322143555
00-0036410,Tee Higgins,CIN,WR,12,9.7,,0.8537957,0.15669515669515668,0.3969196370269498,,,
00-0036955,Terrace Marshall Jr.,LV,WR,5,8.666666666666666,,0.78846157,0.00872093023255814,0.021251989810099434,,,
00-0039757,Terrell Jennings,NE,RB,2,29.0,,0.0,0.0017094017094017094,0.007842313651091013,0.0,,
00-0035659,Terry McLaurin,WAS,WR,17,13.228813559322035,,0.70211405,0.20379965457685664,0.5794219218696337,0.0,,
00-0039847,Theo Johnson,NYG,TE,10,6.6976744186046515,,1.1493056,0.06666666666666667,0.1501617304980755,,,
00-0034177,Tim Boyle,NYG,QB,3,,,,,,0.0,4.921568627450981,-0.2799602583342907
00-0036497,Tim Jones,JAX,WR,3,8.0,,1.025,0.008547008547008548,0.01892605127814489,,,
00-0033375,Tim Patrick,DET,WR,15,9.755555555555556,,0.8974943,0.07692307692307693,0.20351194533017966,,,
00-0039737,Tip Reiman,ARI,TE,5,1.7142857142857142,,3.0833333,0.012216404886561954,0.02059671985770512,,,
00-0035544,Tom Kennedy,DET,WR,1,11.0,,0.0,0.0017094017094017094,0.00477230447726563,,,
00-0038476,Tommy DeVito,NYG,QB,2,,,,,,0.0,5.14,-0.16017864227294923
00-0037005,Tommy Tremble,CAR,TE,10,5.6875,,1.2857143,0.0547008547008547,0.11059070867605698,,,
00-0035860,Tony Jones,ARI,RB,1,,,,,,0.25,,
00-0035261,Tony Pollard,TEN,RB,16,0.14035087719298245,,29.75,0.09743589743589744,0.14746378767662324,0.11494252873563218,,
00-0036973,Travis Etienne,JAX,RB,15,0.07692307692307693,,63.5,0.08888888888888889,0.133943887167455,0.10666666666666667,,
00-0035594,Travis Homer,CHI,RB,4,0.3333333333333333,,11.0,0.004658385093167702,0.007141966693683944,0.0,,
00-0030506,Travis Kelce,KC,TE,16,6.58955223880597,,0.9320498,0.208398133748056,0.47499866818380576,0.0,,
00-0038563,Tre Tucker,LV,WR,17,12.555555555555555,,0.5299902,0.11773255813953488,0.3363968185907187,0.2222222222222222,,
00-0034487,Trent Sherfield,MIN,WR,8,6.0,,1.537037,0.015050167224080268,0.030748223895238194,,,
00-0033292,Trent Taylor,SF,WR,1,9.0,,1.2222222,0.0017543859649122807,0.004022921788457192,,,
00-0035341,Trenton Irwin,CAR,WR,4,6.2,,0.24193548,0.017094017094017096,0.03536324821508084,,,
00-0036971,Trevor Lawrence,JAX,QB,10,,,,,,0.0,6.39344262295082,-0.010758890089441519
00-0039921,Trey Benson,ARI,RB,12,-3.1666666666666665,,,0.010471204188481676,0.012109294838481707,0.15873015873015872,,
00-0037012,Trey Lance,DAL,QB,4,,,,,,0.1111111111111111,4.911111111111111,-0.32059345245361326
00-0037744,Trey McBride,ARI,TE,16,6.136054421768708,,1.27051,0.25654450261780104,0.5556038648514223,0.0,,
00-0039052,Trey Palmer,TB,WR,10,14.318181818181818,,0.5460318,0.035830618892508145,0.10931548394918053,,,
00-0036984,Trey Sermon,IND,RB,14,0.3157894736842105,,16.5,0.03473491773308958,0.05287543009950437,0.07142857142857142,,
00-0037742,Treylon Burks,TEN,WR,5,16.875,,0.25185186,0.013675213675213675,0.04261808219628456,0.0,,
00-0039868,Troy Franklin,DEN,WR,16,13.018867924528301,,0.38115942,0.08907563025210084,0.25056260130485564,0.0,,
00-0036212,Tua Tagovailoa,MIA,QB,11,,,,,,0.0,6.96437054631829,0.20338008635967192
00-0037654,Tucker Fisk,LAC,TE,7,2.5,,1.95,0.01436265709156194,0.02475278678766487,,,
00-0038996,Tucker Kraft,GB,TE,17,5.267605633802817,,1.8903743,0.1405940594059406,0.2734179559025434,0.0,,
00-0036849,Tutu Atwell,LA,WR,15,11.951612903225806,,0.75843453,0.1045531197301855,0.2826056128609643,0.0,0.0,-0.5111013650894165
00-0037276,Ty Chandler,MIN,RB,10,-1.8333333333333333,,,0.010033444816053512,0.013385302393407527,0.05357142857142857,0.0,-0.5984916687011719
00-0035537,Ty Johnson,BUF,RB,17,8.16,,1.3921568,0.04672897196261682,0.10359885299874243,0.17073170731707318,,
00-0039032,Tyjae Spears,TEN,RB,12,-0.8857142857142857,,,0.05982905982905983,0.08466756645924388,0.10588235294117647,,
00-0036630,Tylan Wallace,BAL,WR,8,6.166666666666667,,2.608108,0.02385685884691849,0.04823122704383097,,,
00-0037263,Tyler Allgeier,ATL,RB,17,-0.38461538461538464,,,0.021922428330522766,0.03209994345501734,0.13043478260869565,,
00-0037085,Tyler Badie,DEN,RB,3,-2.0,,,0.005042016806722689,0.006546076023051156,0.18181818181818182,,
00-0033009,Tyler Boyd,TEN,WR,15,7.241379310344827,,0.9285714,0.09914529914529914,0.21748987726676158,0.0,0.0,-0.4344160258769989
00-0034270,Tyler Conklin,NYJ,TE,16,4.904109589041096,,1.25419,0.11179173047473201,0.22852760635510339,0.0,,
00-0037120,Tyler Goodson,IND,RB,9,1.2666666666666666,,3.2105262,0.027422303473491772,0.04358145801803366,0.09375,,
00-0033110,Tyler Higbee,LA,TE,3,2.1666666666666665,,2.5384614,0.02023608768971332,0.034767322763674974,,,
00-0035993,Tyler Huntley,MIA,QB,5,,,,,,0.1,5.060402684563758,-0.1621437328773857
00-0036427,Tyler Johnson,LA,WR,11,5.585365853658536,,1.2707424,0.06913996627318718,0.14257997856122043,,,
00-0032211,Tyler Lockett,SEA,WR,17,10.58108108108108,,0.7662835,0.11384615384615385,0.30399723474796003,,,
00-0038941,Tyler Scott,CHI,WR,1,-2.0,,,0.0015527950310559005,0.0020204144387190688,,,
00-0038104,Tyquan Thornton,KC,WR,4,15.75,,0.37301588,0.012441679626749611,0.04183645515150824,,,
00-0033040,Tyreek Hill,MIA,WR,17,11.130081300813009,,0.70051134,0.19248826291079812,0.5469646600770279,0.25,,
00-0037450,Tyreik McAllister,LV,RB,1,,,,,,0.5,,
00-0038679,Tyrell Shavers,BUF,WR,1,-2.0,,,0.001869158878504673,0.0024752540353938034,,,
00-0037827,Tyrion Davis-Price,PHI,RB,1,,,,,,0.0,,
00-0028118,Tyrod Taylor,NYJ,QB,2,,,,,,0.0,7.16,0.44252342224121094
00-0039384,Tyrone Tracy Jr.,NYG,RB,17,0.3333333333333333,,15.777778,0.08372093023255814,0.12871650350496694,0.09375,,
00-0038416,Tyson Bagent,CHI,QB,4,,,,,,0.0,5.5,0.1594337522983551
00-0036415,Van Jefferson,PIT,WR,15,11.625,,0.59354836,0.07272727272727272,0.19157950553027064,,,
00-0037745,Velus Jones Jr.,CAR,RB,2,-5.0,,,0.0017094017094017094,0.0017800523565174677,0.0,,
00-0038117,Wan'Dale Robinson,NYG,WR,17,4.685714285714286,,1.0655488,0.21705426356589147,0.43983867140703425,0.3333333333333333,,
00-0034159,Will Dissly,LAC,TE,15,4.609375,,1.6305084,0.11490125673249552,0.2196817020659922,,,
00-0039152,Will Levis,TEN,QB,12,,,,,,0.08333333333333333,5.2645348837209305,-0.19046200153439544
00-0038394,Will Mallory,IND,TE,7,10.375,,0.3493976,0.014625228519195612,0.03263175051652535,,,
00-0039746,Will Shipley,PHI,RB,5,1.75,,5.0,0.008097165991902834,0.013552582168080637,0.0,,
00-0038496,Xavier Gipson,NYJ,WR,7,10.181818181818182,,0.3482143,0.016845329249617153,0.04430173880564674,0.0,,
00-0038618,Xavier Hutchinson,HOU,WR,14,10.153846153846153,,0.4431818,0.041666666666666664,0.10221631079912186,,,
00-0039342,Xavier Legette,CAR,WR,15,12.117647058823529,,0.48252428,0.1452991452991453,0.37946304487876403,0.0,,
00-0038359,Xavier Smith,LA,WR,3,0.5,,6.0,0.003372681281618887,0.005228760045505298,0.25,,
00-0039521,Xavier Weaver,ARI,WR,2,19.5,,0.0,0.0034904013961605585,0.012619967518754655,,,
00-0039894,Xavier Worthy,KC,WR,16,9.131313131313131,,0.7057522,0.15396578538102643,0.39721246701006196,0.1,,
00-0039165,Zach Charbonnet,SEA,RB,17,-1.0384615384615385,,,0.08,0.11081186205148696,0.11851851851851852,,
00-0036640,Zach Davidson,BUF,TE,2,5.0,,0.5,0.003738317757009346,0.007249898105537711,,,
00-0030061,Zach Ertz,WAS,TE,17,7.376344086021505,,0.95335275,0.16062176165803108,0.3612232273492788,,,
00-0036251,Zack Moss,CIN,RB,8,0.1111111111111111,,62.333332,0.038461538461538464,0.05814744421961503,0.06756756756756757,,
00-0038040,Zamir White,LV,RB,8,-3.125,,,0.011627906976744186,0.013513689925677554,0.03076923076923077,,
00-0039064,Zay Flowers,BAL,WR,17,10.316239316239317,,0.8773819,0.23260437375745527,0.5519099373585188,0.1111111111111111,,
00-0033891,Zay Jones,ARI,WR,6,10.818181818181818,,0.7058824,0.019197207678883072,0.05132759286393046,,,
